EST,Mean TemperatureF, Mean VisibilityMiles, Mean Wind SpeedMPH, Events
2010/10/1,68,10,15,Rain
2010/10/2,62,10,5,
2010/10/3,60,9,11,Rain
2010/10/4,54,8,14,Rain
2010/10/5,57,10,11,
2010/10/6,58,10,8,Rain
2010/10/7,64,10,9,
2010/10/8,66,10,5,
2010/10/9,69,10,5,
2010/10/10,67,10,7,
2010/10/11,75,10,6,
2010/10/12,73,10,6,
2010/10/13,63,10,7,
2010/10/14,57,7,8,Rain
2010/10/15,58,10,12,
2010/10/16,59,10,11,
2010/10/17,62,10,7,
2010/10/18,61,10,3,Rain
2010/10/19,58,10,6,
2010/10/20,55,8,4,Rain
2010/10/21,60,9,10,
2010/10/22,53,10,10,
2010/10/23,56,10,8,
2010/10/24,64,10,7,
2010/10/25,67,10,12,
2010/10/26,69,10,11,
2010/10/27,72,8,9,Rain
2010/10/28,66,10,10,
2010/10/29,53,10,14,
2010/10/30,50,10,10,
2010/10/31,57,10,9,
2010/11/1,48,10,7,
2010/11/2,46,10,6,
2010/11/3,49,10,4,Rain
2010/11/4,50,5,11,Rain
2010/11/5,52,10,10,Rain
2010/11/6,47,10,11,
2010/11/7,45,10,11,
2010/11/8,53,10,12,
2010/11/9,54,10,11,
2010/11/10,55,10,8,
2010/11/11,53,10,6,
2010/11/12,51,10,4,
2010/11/13,53,10,1,
2010/11/14,53,10,4,
2010/11/15,54,8,3,Rain
2010/11/16,57,6,8,Rain
2010/11/17,56,10,13,Rain-Thunderstorm
2010/11/18,51,10,8,
2010/11/19,46,10,6,
2010/11/20,53,10,6,
2010/11/21,50,10,3,
2010/11/22,55,6,6,
2010/11/23,61,10,9,Rain
2010/11/24,49,10,9,
2010/11/25,49,10,6,Rain
2010/11/26,51,10,11,Rain
2010/11/27,41,10,11,
2010/11/28,42,10,6,
2010/11/29,42,10,4,
2010/11/30,56,10,8,Rain
2010/12/1,51,7,16,Rain
2010/12/2,38,10,7,
2010/12/3,39,10,9,
2010/12/4,37,10,9,
2010/12/5,37,10,15,
2010/12/6,35,10,16,
2010/12/7,32,10,16,
2010/12/8,32,10,11,
2010/12/9,32,10,7,
2010/12/10,33,10,5,Snow
2010/12/11,39,7,4,Rain
2010/12/12,42,3,7,Fog-Rain
2010/12/13,31,8,17,Snow
2010/12/14,25,9,18,Snow
2010/12/15,28,10,12,
2010/12/16,24,6,5,Fog-Snow
2010/12/17,31,10,7,
2010/12/18,30,9,4,
2010/12/19,33,10,10,
2010/12/20,31,10,7,
2010/12/21,35,10,11,
2010/12/22,40,10,11,
2010/12/23,38,10,20,
2010/12/24,36,10,13,
2010/12/25,34,10,7,Snow
2010/12/26,31,6,16,Snow
2010/12/27,32,10,22,
2010/12/28,37,10,11,
2010/12/29,39,10,7,
2010/12/30,38,9,5,
2010/12/31,41,10,4,
2011/1/1,46,9,7,Rain
2011/1/2,47,9,11,Rain
2011/1/3,35,10,10,
2011/1/4,34,10,6,
2011/1/5,37,10,8,
2011/1/6,35,10,5,Snow
2011/1/7,33,10,7,Snow
2011/1/8,30,7,11,Fog-Snow
2011/1/9,30,10,15,
2011/1/10,30,10,9,
2011/1/11,31,5,4,Fog-Rain-Snow
2011/1/12,32,10,13,
2011/1/13,32,10,12,
2011/1/14,30,10,5,
2011/1/15,37,10,7,
2011/1/16,37,10,9,
2011/1/17,31,8,8,Rain-Snow
2011/1/18,33,5,9,Rain
2011/1/19,44,6,9,Fog-Rain
2011/1/20,40,10,9,Snow
2011/1/21,30,10,14,Rain-Snow
2011/1/22,23,10,7,
2011/1/23,25,10,10,
2011/1/24,25,10,7,
2011/1/25,38,10,5,
2011/1/26,35,3,13,Rain-Snow-Thunderstorm
2011/1/27,34,10,8,
2011/1/28,34,6,6,Snow
2011/1/29,33,10,6,
2011/1/30,36,9,3,
2011/1/31,33,10,8,Snow
2011/2/1,33,5,2,Rain
2011/2/2,43,5,10,Fog-Rain
2011/2/3,33,10,11,
2011/2/4,35,10,6,
2011/2/5,38,4,6,Rain
2011/2/6,43,10,6,
2011/2/7,40,9,2,
2011/2/8,33,10,16,Rain
2011/2/9,26,8,8,Snow
2011/2/10,29,10,9,Snow
2011/2/11,33,10,4,
2011/2/12,35,10,9,
2011/2/13,43,10,11,
2011/2/14,57,10,18,
2011/2/15,40,10,12,
2011/2/16,45,10,10,
2011/2/17,58,10,10,
2011/2/18,65,10,11,
2011/2/19,49,10,21,
2011/2/20,41,10,9,
2011/2/21,43,8,12,Rain-Snow
2011/2/22,32,8,9,Snow
2011/2/23,36,10,4,
2011/2/24,42,10,11,Rain
2011/2/25,52,6,16,Rain
2011/2/26,42,10,8,
2011/2/27,48,10,5,
2011/2/28,57,7,11,Rain-Thunderstorm
2011/3/1,40,10,8,
2011/3/2,49,10,14,
2011/3/3,34,10,9,
2011/3/4,40,10,8,
2011/3/5,51,10,11,
2011/3/6,46,6,14,Rain
2011/3/7,41,10,15,Snow
2011/3/8,42,10,5,
2011/3/9,42,10,9,Rain
2011/3/10,51,6,11,Rain
2011/3/11,44,10,9,Rain
2011/3/12,46,10,9,
2011/3/13,49,10,11,
2011/3/14,45,10,6,
2011/3/15,43,10,8,Rain
2011/3/16,49,9,9,Rain
2011/3/17,54,10,9,
2011/3/18,64,10,9,
2011/3/19,58,10,16,
2011/3/20,46,10,9,Rain
2011/3/21,57,10,12,Rain-Thunderstorm
2011/3/22,56,10,9,
2011/3/23,48,8,9,Rain-Thunderstorm
2011/3/24,41,8,11,Rain
2011/3/25,41,10,10,
2011/3/26,40,10,8,
2011/3/27,39,9,8,Snow
2011/3/28,39,10,9,
2011/3/29,43,10,9,
2011/3/30,43,8,8,Rain
2011/3/31,40,6,9,Rain
2011/4/1,44,9,11,Rain
2011/4/2,44,9,10,Rain-Hail
2011/4/3,50,10,7,Thunderstorm
2011/4/4,67,10,16,
2011/4/5,57,8,16,Rain-Thunderstorm
2011/4/6,50,10,11,
2011/4/7,57,10,7,
2011/4/8,47,8,9,Rain
2011/4/9,47,8,6,Rain
2011/4/10,56,9,7,
2011/4/11,70,10,13,Rain
2011/4/12,62,9,12,Rain
2011/4/13,54,7,10,Rain
2011/4/14,59,10,5,
2011/4/15,57,10,10,
2011/4/16,56,8,15,Rain-Thunderstorm
2011/4/17,57,10,12,
2011/4/18,63,10,7,
2011/4/19,62,10,6,Rain
2011/4/20,69,10,11,
2011/4/21,57,10,13,
2011/4/22,47,8,9,Rain
2011/4/23,57,8,9,Rain
2011/4/24,71,8,7,Rain-Hail-Thunderstorm
2011/4/25,71,7,8,Fog-Rain-Thunderstorm
2011/4/26,74,10,14,
2011/4/27,73,10,14,Rain-Thunderstorm
2011/4/28,69,10,13,Rain-Thunderstorm
2011/4/29,62,10,10,
2011/4/30,60,10,10,
2011/5/1,56,10,5,
2011/5/2,66,10,8,Rain
2011/5/3,72,10,14,
2011/5/4,54,9,14,Rain
2011/5/5,57,10,12,
2011/5/6,59,10,9,Rain-Thunderstorm
2011/5/7,62,10,7,Rain
2011/5/8,64,10,3,Rain
2011/5/9,63,10,7,
2011/5/10,64,10,6,
2011/5/11,68,10,5,
2011/5/12,64,10,8,
2011/5/13,62,9,8,Rain
2011/5/14,63,7,5,Rain-Thunderstorm
2011/5/15,69,10,7,Rain
2011/5/16,71,9,6,Rain-Thunderstorm
2011/5/17,68,10,13,Rain
2011/5/18,67,10,8,Rain-Thunderstorm
2011/5/19,65,10,4,Rain-Thunderstorm
2011/5/20,64,10,6,Rain
2011/5/21,70,10,6,
2011/5/22,71,10,6,Rain
2011/5/23,74,8,10,Rain
2011/5/24,77,8,9,Rain-Thunderstorm
2011/5/25,75,10,6,Rain-Thunderstorm
2011/5/26,80,9,8,
2011/5/27,77,10,11,Rain-Thunderstorm
2011/5/28,75,10,10,
2011/5/29,76,10,9,
2011/5/30,84,9,5,
2011/5/31,86,9,5,
2011/6/1,87,7,9,Rain-Hail-Thunderstorm
2011/6/2,79,10,12,
2011/6/3,72,10,10,
2011/6/4,73,10,5,
2011/6/5,76,10,6,
2011/6/6,77,10,5,
2011/6/7,79,10,8,
2011/6/8,86,9,6,
2011/6/9,91,8,7,Rain
2011/6/10,84,9,6,Rain-Thunderstorm
2011/6/11,84,9,7,
2011/6/12,81,9,7,Rain-Thunderstorm
2011/6/13,73,10,13,
2011/6/14,71,10,12,Rain
2011/6/15,72,10,7,
2011/6/16,75,8,9,Rain-Thunderstorm
2011/6/17,76,9,6,Rain-Thunderstorm
2011/6/18,79,10,5,Thunderstorm
2011/6/19,80,10,5,Rain
2011/6/20,74,9,7,Rain
2011/6/21,79,10,7,Rain-Thunderstorm
2011/6/22,82,10,7,
2011/6/23,81,10,10,Rain
2011/6/24,82,10,9,
2011/6/25,79,10,9,
2011/6/26,77,10,5,
2011/6/27,77,10,5,Rain
2011/6/28,85,10,7,Thunderstorm
2011/6/29,82,10,11,
2011/6/30,78,10,8,
2011/7/1,80,10,5,
2011/7/2,82,10,5,
2011/7/3,82,8,7,Rain-Thunderstorm
2011/7/4,82,10,4,
2011/7/5,83,10,6,
2011/7/6,81,9,6,Rain
2011/7/7,84,8,7,
2011/7/8,81,8,8,Rain-Thunderstorm
2011/7/9,82,9,7,
2011/7/10,83,10,8,
2011/7/11,86,9,11,Thunderstorm
2011/7/12,87,10,8,
2011/7/13,84,8,7,Rain-Thunderstorm
2011/7/14,77,10,10,
2011/7/15,76,10,8,
2011/7/16,77,10,9,
2011/7/17,81,10,10,
2011/7/18,83,10,9,
2011/7/19,88,9,6,Rain
2011/7/20,86,8,5,Thunderstorm
2011/7/21,90,6,9,
2011/7/22,93,8,6,Thunderstorm
2011/7/23,93,10,6,
2011/7/24,91,9,7,
2011/7/25,86,7,4,Rain-Thunderstorm
2011/7/26,86,10,9,
2011/7/27,86,10,8,
2011/7/28,87,10,7,
2011/7/29,92,9,8,
2011/7/30,89,10,7,
2011/7/31,90,10,7,
2011/8/1,88,10,7,Thunderstorm
2011/8/2,86,10,9,
2011/8/3,82,8,5,Rain
2011/8/4,82,8,9,Rain
2011/8/5,80,10,8,
2011/8/6,84,10,10,Rain
2011/8/7,87,8,7,Rain-Thunderstorm
2011/8/8,85,10,8,
2011/8/9,86,9,6,
2011/8/10,84,10,8,
2011/8/11,81,10,7,
2011/8/12,80,10,6,
2011/8/13,80,9,10,Rain-Thunderstorm
2011/8/14,77,8,8,Rain-Thunderstorm
2011/8/15,77,10,8,Rain-Thunderstorm
2011/8/16,80,10,10,
2011/8/17,81,10,6,
2011/8/18,83,10,10,Rain-Thunderstorm
2011/8/19,79,8,5,Rain-Thunderstorm
2011/8/20,79,9,5,
2011/8/21,83,9,10,Rain-Thunderstorm
2011/8/22,77,10,12,Rain
2011/8/23,72,10,6,
2011/8/24,76,10,11,
2011/8/25,78,8,10,Rain-Thunderstorm
2011/8/26,80,10,4,Rain
2011/8/27,76,6,22,Rain
2011/8/28,79,9,16,Rain
2011/8/29,74,10,7,
2011/8/30,73,10,5,
2011/8/31,74,10,3,
2011/9/1,74,10,6,Rain
2011/9/2,74,10,6,Rain-Thunderstorm
2011/9/3,76,10,8,Rain-Thunderstorm
2011/9/4,80,9,9,
2011/9/5,75,7,9,Rain
2011/9/6,66,8,14,Rain
2011/9/7,69,4,4,Fog-Rain-Thunderstorm
2011/9/8,75,7,8,Rain-Thunderstorm
2011/9/9,77,8,5,Rain
2011/9/10,76,9,6,
2011/9/11,76,9,5,Rain
2011/9/12,74,10,4,
2011/9/13,74,10,6,
2011/9/14,78,10,7,
2011/9/15,66,10,11,Rain
2011/9/16,58,10,7,
2011/9/17,61,10,8,
2011/9/18,62,10,7,
2011/9/19,65,10,6,
2011/9/20,68,9,6,Rain
2011/9/21,70,7,4,Rain
2011/9/22,73,8,5,Fog
2011/9/23,70,6,3,Rain
2011/9/24,71,10,3,
2011/9/25,74,8,3,Rain
2011/9/26,75,10,4,
2011/9/27,74,9,4,Rain
2011/9/28,74,8,5,Rain-Thunderstorm
2011/9/29,70,9,7,
2011/9/30,69,10,9,
2011/10/1,55,9,12,Rain
2011/10/2,49,9,9,Rain
2011/10/3,50,10,4,Rain
2011/10/4,65,10,8,
2011/10/5,64,10,8,
2011/10/6,60,10,6,
2011/10/7,63,10,1,
2011/10/8,64,10,2,
2011/10/9,66,10,3,
2011/10/10,70,10,2,
2011/10/11,67,10,6,Rain
2011/10/12,65,6,11,Rain
2011/10/13,71,6,6,Fog-Rain-Thunderstorm
2011/10/14,65,9,9,Rain
2011/10/15,61,10,11,
2011/10/16,61,10,12,
2011/10/17,63,10,7,
2011/10/18,64,10,5,
2011/10/19,66,6,10,Rain
2011/10/20,60,10,17,
2011/10/21,55,10,9,
2011/10/22,55,10,4,
2011/10/23,54,9,4,
2011/10/24,58,9,6,Rain
2011/10/25,59,10,7,
2011/10/26,60,10,6,Rain
2011/10/27,56,10,9,Rain
2011/10/28,47,10,10,Rain
2011/10/29,38,6,15,Rain-Snow
2011/10/30,45,10,6,
2011/10/31,46,10,5,Rain
2011/11/1,53,10,5,
2011/11/2,51,9,4,
2011/11/3,54,10,6,
2011/11/4,52,9,12,
2011/11/5,46,10,7,
2011/11/6,48,10,4,
2011/11/7,54,9,3,Fog
2011/11/8,55,10,3,
2011/11/9,53,10,3,
2011/11/10,53,6,8,Fog-Rain
2011/11/11,44,10,13,
2011/11/12,48,10,9,
2011/11/13,54,10,12,
2011/11/14,64,10,13,
2011/11/15,63,10,8,Rain
2011/11/16,56,5,6,Fog-Rain
2011/11/17,46,10,12,Rain
2011/11/18,41,10,7,
2011/11/19,46,10,10,
2011/11/20,58,10,7,Rain
2011/11/21,57,4,6,Fog-Rain
2011/11/22,56,3,5,Rain
2011/11/23,55,9,14,Fog-Rain
2011/11/24,50,10,7,
2011/11/25,51,10,4,
2011/11/26,50,10,3,
2011/11/27,59,10,9,
2011/11/28,61,10,6,
2011/11/29,57,8,12,Rain
2011/11/30,46,10,11,
2011/12/1,45,10,9,
2011/12/2,45,10,4,
2011/12/3,43,10,4,
2011/12/4,46,10,4,
2011/12/5,51,10,3,
2011/12/6,58,8,10,Fog-Rain
2011/12/7,49,4,9,Fog-Rain-Snow
2011/12/8,40,10,10,
2011/12/9,43,10,4,
2011/12/10,40,10,10,
2011/12/11,36,10,3,
2011/12/12,38,10,3,
2011/12/13,41,10,6,
2011/12/14,44,10,3,
2011/12/15,53,10,12,Rain
2011/12/16,53,10,11,
2011/12/17,38,10,10,Snow
2011/12/18,38,10,7,
2011/12/19,41,10,7,
2011/12/20,51,10,3,
2011/12/21,54,8,9,Rain
2011/12/22,54,7,3,Rain
2011/12/23,49,8,11,Rain
2011/12/24,41,10,8,Rain
2011/12/25,41,10,6,
2011/12/26,44,10,10,
2011/12/27,47,6,7,Rain
2011/12/28,42,10,12,
2011/12/29,38,10,5,
2011/12/30,45,10,5,
2011/12/31,54,10,9,Rain
2012/1/1,49,10,9,Rain
2012/1/2,41,10,14,
2012/1/3,28,10,16,Snow
2012/1/4,26,10,8,
2012/1/5,40,10,5,
2012/1/6,48,10,7,
2012/1/7,52,10,8,
2012/1/8,45,10,8,
2012/1/9,37,6,4,Fog-Rain-Snow
2012/1/10,43,7,7,Fog
2012/1/11,41,6,6,Rain
2012/1/12,51,9,8,Rain
2012/1/13,40,10,15,Rain
2012/1/14,33,10,9,
2012/1/15,32,10,10,
2012/1/16,34,10,10,Rain
2012/1/17,50,10,14,Rain
2012/1/18,43,10,17,
2012/1/19,33,10,10,
2012/1/20,34,8,8,Fog-Snow
2012/1/21,31,7,9,Rain-Snow
2012/1/22,31,9,8,Snow
2012/1/23,38,3,5,Fog-Rain
2012/1/24,47,9,5,
2012/1/25,43,10,6,
2012/1/26,48,8,4,
2012/1/27,52,8,14,Rain-Thunderstorm
2012/1/28,44,10,8,
2012/1/29,41,10,11,
2012/1/30,41,10,9,
2012/1/31,53,10,11,
2012/2/1,60,10,7,Rain
2012/2/2,50,9,9,Rain
2012/2/3,45,10,7,
2012/2/4,41,8,5,Rain
2012/2/5,40,9,7,Rain
2012/2/6,41,10,6,
2012/2/7,48,10,7,
2012/2/8,40,8,6,Rain
2012/2/9,40,10,8,
2012/2/10,40,10,5,Rain
2012/2/11,33,7,14,Rain-Snow
2012/2/12,28,9,17,Snow
2012/2/13,37,10,6,
2012/2/14,47,10,6,
2012/2/15,48,10,8,
2012/2/16,44,9,4,Rain
2012/2/17,47,5,9,Fog
2012/2/18,47,10,9,
2012/2/19,40,9,10,Rain-Snow
2012/2/20,42,10,9,
2012/2/21,41,10,9,
2012/2/22,53,10,10,
2012/2/23,57,10,8,Rain
2012/2/24,52,7,10,Rain-Thunderstorm
2012/2/25,41,9,18,Snow
2012/2/26,42,10,9,
2012/2/27,50,10,11,
2012/2/28,48,10,8,
2012/2/29,48,7,8,Rain
2012/3/1,58,8,10,Fog-Rain
2012/3/2,48,8,6,Rain-Thunderstorm
2012/3/3,56,8,8,Rain
2012/3/4,44,10,14,
2012/3/5,39,10,10,
2012/3/6,39,10,9,
2012/3/7,54,10,15,
2012/3/8,64,10,19,Rain
2012/3/9,54,10,17,Rain
2012/3/10,42,10,9,
2012/3/11,49,10,10,
2012/3/12,59,10,9,
2012/3/13,69,10,9,Rain
2012/3/14,68,10,5,
2012/3/15,68,10,7,
2012/3/16,55,5,4,Rain
2012/3/17,64,6,5,
2012/3/18,60,8,5,
2012/3/19,66,10,7,
2012/3/20,67,9,4,Rain-Thunderstorm
2012/3/21,65,6,4,Fog
2012/3/22,69,5,5,Fog
2012/3/23,71,7,5,
2012/3/24,63,5,8,Rain
2012/3/25,57,8,9,Rain
2012/3/26,51,10,17,
2012/3/27,45,10,8,
2012/3/28,59,10,12,Rain
2012/3/29,60,10,14,
2012/3/30,49,10,6,Rain
2012/3/31,56,10,10,
2012/4/1,56,10,7,Rain
2012/4/2,55,9,13,Rain
2012/4/3,58,10,4,
2012/4/4,65,10,8,
2012/4/5,55,10,8,
2012/4/6,52,10,13,
2012/4/7,54,10,11,
2012/4/8,61,10,10,
2012/4/9,61,10,15,Rain
2012/4/10,57,10,11,
2012/4/11,48,10,12,Rain
2012/4/12,53,10,12,
2012/4/13,56,10,7,
2012/4/14,61,10,8,
2012/4/15,72,10,10,
2012/4/16,76,10,11,
2012/4/17,69,10,11,Rain
2012/4/18,58,10,7,Rain
2012/4/19,61,9,3,Rain
2012/4/20,64,10,7,
2012/4/21,70,9,12,Rain
2012/4/22,52,7,15,Rain
2012/4/23,46,9,12,Rain
2012/4/24,53,10,10,
2012/4/25,58,10,6,
2012/4/26,61,10,9,Rain
2012/4/27,56,10,14,
2012/4/28,51,10,5,Rain
2012/4/29,59,9,5,Rain
2012/4/30,59,10,7,
2012/5/1,72,10,6,Rain
2012/5/2,66,8,7,Rain
2012/5/3,69,9,6,
2012/5/4,75,9,5,Rain-Thunderstorm
2012/5/5,74,10,5,Rain-Thunderstorm
2012/5/6,67,10,6,Rain
2012/5/7,65,10,10,
2012/5/8,68,10,12,Rain
2012/5/9,67,8,8,Rain
2012/5/10,63,10,13,
2012/5/11,63,10,9,
2012/5/12,65,10,5,
2012/5/13,71,10,10,
2012/5/14,68,8,8,Rain
2012/5/15,73,8,5,Rain-Thunderstorm
2012/5/16,73,10,6,
2012/5/17,69,10,9,
2012/5/18,66,10,6,
2012/5/19,70,10,4,
2012/5/20,70,10,11,Rain
2012/5/21,71,8,9,Rain
2012/5/22,74,10,5,Rain
2012/5/23,74,9,4,Rain-Thunderstorm
2012/5/24,76,8,7,Rain
2012/5/25,79,10,6,
2012/5/26,79,10,8,
2012/5/27,79,10,9,Rain-Thunderstorm
2012/5/28,80,10,8,
2012/5/29,81,9,12,Rain-Thunderstorm
2012/5/30,76,10,6,Rain
2012/5/31,77,10,8,
2012/6/1,74,7,9,Rain-Thunderstorm
2012/6/2,68,10,8,
2012/6/3,69,10,8,
2012/6/4,69,10,13,Rain
2012/6/5,65,10,8,Rain
2012/6/6,67,10,4,Rain
2012/6/7,71,10,7,
2012/6/8,73,10,7,
2012/6/9,79,10,6,
2012/6/10,81,10,6,
2012/6/11,81,10,9,
2012/6/12,74,9,9,Rain
2012/6/13,76,10,15,
2012/6/14,76,10,10,
2012/6/15,73,10,7,
2012/6/16,73,10,7,
2012/6/17,70,10,7,
2012/6/18,67,9,7,Rain
2012/6/19,79,10,6,
2012/6/20,86,9,5,
2012/6/21,89,9,5,
2012/6/22,86,9,7,Rain
2012/6/23,82,10,7,
2012/6/24,83,10,7,
2012/6/25,79,10,13,Rain
2012/6/26,72,10,14,
2012/6/27,78,10,11,
2012/6/28,83,10,7,
2012/6/29,88,8,9,Rain-Thunderstorm
2012/6/30,85,10,5,Rain
2012/7/1,88,10,7,
2012/7/2,87,10,8,Thunderstorm
2012/7/3,87,10,5,Rain-Thunderstorm
2012/7/4,87,10,7,
2012/7/5,90,10,8,
2012/7/6,91,10,6,
2012/7/7,94,10,7,
2012/7/8,90,9,6,Rain-Thunderstorm
2012/7/9,81,9,7,Rain-Thunderstorm
2012/7/10,81,9,7,Rain-Thunderstorm
2012/7/11,81,10,6,
2012/7/12,80,10,6,
2012/7/13,83,10,4,
2012/7/14,80,10,6,Rain
2012/7/15,86,10,7,Rain
2012/7/16,86,10,6,Rain-Thunderstorm
2012/7/17,89,10,6,
2012/7/18,91,10,7,Rain-Thunderstorm
2012/7/19,85,9,7,Fog-Rain-Thunderstorm
2012/7/20,76,9,9,Rain-Thunderstorm
2012/7/21,69,7,8,Rain
2012/7/22,76,10,4,
2012/7/23,83,9,6,
2012/7/24,84,10,9,
2012/7/25,81,10,7,
2012/7/26,87,9,10,Rain
2012/7/27,86,10,7,
2012/7/28,86,9,7,Rain-Thunderstorm
2012/7/29,81,10,7,
2012/7/30,82,10,7,
2012/7/31,82,10,6,Rain-Thunderstorm
2012/8/1,82,10,6,Thunderstorm
2012/8/2,86,10,6,
2012/8/3,86,10,9,
2012/8/4,88,10,11,
2012/8/5,88,10,12,Rain-Thunderstorm
2012/8/6,86,10,6,Rain
2012/8/7,84,9,4,Rain
2012/8/8,84,10,5,
2012/8/9,86,9,7,
2012/8/10,80,9,10,Rain
2012/8/11,80,10,8,Rain
2012/8/12,80,10,5,Rain
2012/8/13,81,10,6,
2012/8/14,81,9,7,Rain
2012/8/15,80,10,7,
2012/8/16,80,10,7,
2012/8/17,83,10,10,Rain
2012/8/18,78,9,7,Rain
2012/8/19,74,9,4,Rain
2012/8/20,76,10,6,
2012/8/21,76,8,3,Rain
2012/8/22,77,9,3,Rain
2012/8/23,80,9,4,
2012/8/24,80,10,3,
2012/8/25,77,10,11,Rain
2012/8/26,78,9,8,Rain-Thunderstorm
2012/8/27,80,10,6,
2012/8/28,83,10,8,Rain
2012/8/29,78,10,5,
2012/8/30,79,10,4,
2012/8/31,85,9,7,
2012/9/1,84,9,5,Fog-Rain-Thunderstorm
2012/9/2,79,9,2,Rain
2012/9/3,80,10,7,
2012/9/4,83,10,10,Rain
2012/9/5,84,10,8,Rain
2012/9/6,79,9,6,Rain
2012/9/7,81,10,7,
2012/9/8,79,8,12,Fog-Rain-Thunderstorm
2012/9/9,71,10,10,
2012/9/10,69,10,11,
2012/9/11,68,10,4,
2012/9/12,71,10,6,
2012/9/13,71,10,4,
2012/9/14,74,10,5,
2012/9/15,71,10,10,
2012/9/16,68,10,4,
2012/9/17,67,10,7,Rain
2012/9/18,73,8,16,Fog-Rain
2012/9/19,66,10,9,
2012/9/20,65,10,5,
2012/9/21,70,10,7,
2012/9/22,76,10,12,
2012/9/23,63,10,9,
2012/9/24,63,10,7,
2012/9/25,65,10,10,
2012/9/26,75,10,10,Rain-Thunderstorm
2012/9/27,76,9,6,Rain-Thunderstorm
2012/9/28,73,9,7,Rain
2012/9/29,66,10,9,
2012/9/30,64,10,6,Rain
2012/10/1,63,10,4,Rain
2012/10/2,69,4,5,Fog-Rain
2012/10/3,76,6,3,Fog-Rain
2012/10/4,74,10,5,Rain
2012/10/5,72,10,5,
2012/10/6,67,10,11,
2012/10/7,53,9,6,Rain
2012/10/8,50,10,8,Rain
2012/10/9,56,9,8,Rain
2012/10/10,63,8,8,Rain
2012/10/11,56,10,8,
2012/10/12,57,10,10,
2012/10/13,51,10,7,
2012/10/14,64,10,12,
2012/10/15,65,10,12,Rain
2012/10/16,57,10,7,
2012/10/17,58,10,5,
2012/10/18,63,10,9,
2012/10/19,67,9,6,Rain
2012/10/20,60,10,5,
2012/10/21,58,10,7,
2012/10/22,61,10,4,
2012/10/23,65,10,4,
2012/10/24,72,10,3,
2012/10/25,67,7,5,
2012/10/26,66,8,6,
2012/10/27,65,10,10,
2012/10/28,58,10,17,Rain
2012/10/29,51,4,24,Rain
2012/10/30,44,9,12,Rain
2012/10/31,49,10,7,
2012/11/1,48,10,6,Rain
2012/11/2,48,10,11,
2012/11/3,46,10,11,
2012/11/4,46,10,8,
2012/11/5,44,10,10,
2012/11/6,41,10,8,
2012/11/7,43,10,13,Rain
2012/11/8,48,10,15,Rain-Snow
2012/11/9,49,10,9,
2012/11/10,52,10,2,
2012/11/11,57,10,5,
2012/11/12,61,10,8,Rain
2012/11/13,52,8,14,Rain
2012/11/14,43,10,8,
2012/11/15,45,10,7,
2012/11/16,48,10,7,
2012/11/17,46,10,8,
2012/11/18,47,10,10,
2012/11/19,51,10,9,
2012/11/20,51,10,3,
2012/11/21,49,9,5,
2012/11/22,48,10,2,
2012/11/23,49,10,7,
2012/11/24,43,10,15,
2012/11/25,38,10,6,
2012/11/26,44,10,2,
2012/11/27,41,8,10,Rain
2012/11/28,44,10,9,
2012/11/29,41,10,5,
2012/11/30,44,10,2,
2012/12/1,44,5,2,
2012/12/2,47,5,5,Rain
2012/12/3,58,10,3,Fog
2012/12/4,61,10,8,
2012/12/5,52,10,13,Rain
2012/12/6,40,10,7,
2012/12/7,44,10,6,Rain
2012/12/8,51,5,5,Fog
2012/12/9,51,4,7,Fog-Rain
2012/12/10,56,3,7,Fog-Rain
2012/12/11,52,10,12,Rain
2012/12/12,43,10,7,
2012/12/13,43,10,7,
2012/12/14,41,10,5,
2012/12/15,46,10,4,
2012/12/16,49,8,4,Rain
2012/12/17,52,4,4,Rain
2012/12/18,53,9,10,Rain
2012/12/19,45,10,8,
2012/12/20,47,8,6,Rain
2012/12/21,49,9,16,Rain
2012/12/22,40,10,17,
2012/12/23,38,10,5,
2012/12/24,36,7,4,Rain-Snow
2012/12/25,43,6,7,
2012/12/26,39,5,13,Rain-Snow
2012/12/27,40,9,14,Rain
2012/12/28,41,10,6,
2012/12/29,39,6,6,Rain-Snow
2012/12/30,37,10,15,
2012/12/31,35,10,6,
2013/1/1,42,10,6,
2013/1/2,35,10,9,
2013/1/3,34,10,6,
2013/1/4,37,10,8,
2013/1/5,39,10,6,Rain
2013/1/6,44,10,7,
2013/1/7,42,10,8,
2013/1/8,42,10,6,
2013/1/9,44,10,3,Rain
2013/1/10,50,10,7,
2013/1/11,42,6,2,Fog-Rain
2013/1/12,47,3,4,Fog
2013/1/13,49,1,3,Fog-Rain
2013/1/14,53,8,10,Fog-Rain
2013/1/15,40,5,9,Rain
2013/1/16,40,8,6,Rain
2013/1/17,43,10,7,Rain
2013/1/18,36,10,12,
2013/1/19,44,10,13,
2013/1/20,50,10,12,
2013/1/21,40,10,10,
2013/1/22,26,10,16,
2013/1/23,22,10,8,Snow
2013/1/24,24,5,12,Snow
2013/1/25,22,8,7,Snow
2013/1/26,31,10,6,Snow
2013/1/27,33,10,7,
2013/1/28,40,7,9,Rain-Snow
2013/1/29,55,9,7,
2013/1/30,62,9,14,Rain
2013/1/31,49,9,17,Rain
2013/2/1,29,8,13,Snow
2013/2/2,26,7,7,Snow
2013/2/3,31,8,5,Snow
2013/2/4,32,10,7,
2013/2/5,38,10,5,
2013/2/6,42,10,8,Rain
2013/2/7,37,10,6,
2013/2/8,39,8,12,Rain
2013/2/9,37,10,18,
2013/2/10,36,10,6,
2013/2/11,46,6,9,Rain
2013/2/12,50,10,9,
2013/2/13,41,7,7,Rain-Snow
2013/2/14,43,9,6,
2013/2/15,48,9,9,Rain-Snow
2013/2/16,37,10,10,Rain-Snow
2013/2/17,30,10,17,
2013/2/18,32,10,8,
2013/2/19,43,10,13,Rain
2013/2/20,34,10,15,
2013/2/21,33,10,13,
2013/2/22,33,9,6,Rain-Snow
2013/2/23,40,5,6,Rain
2013/2/24,45,9,14,
2013/2/25,41,10,5,
2013/2/26,40,6,10,Rain
2013/2/27,50,9,8,Rain
2013/2/28,46,10,11,Rain
2013/3/1,42,10,13,
2013/3/2,36,10,12,
2013/3/3,37,10,13,
2013/3/4,38,10,14,
2013/3/5,43,10,8,Rain
2013/3/6,38,5,21,Rain-Snow
2013/3/7,45,10,16,
2013/3/8,45,10,19,
2013/3/9,48,10,7,
2013/3/10,50,10,6,
2013/3/11,53,10,10,
2013/3/12,51,7,15,Fog-Rain
2013/3/13,44,10,11,Rain
2013/3/14,41,10,15,
2013/3/15,46,10,8,
2013/3/16,51,10,8,Rain
2013/3/17,40,10,7,
2013/3/18,37,6,8,Rain-Snow
2013/3/19,50,10,10,
2013/3/20,47,10,12,
2013/3/21,37,10,16,Snow
2013/3/22,39,10,11,
2013/3/23,44,10,9,
2013/3/24,39,9,6,Rain-Snow
2013/3/25,36,6,8,Fog-Rain-Snow
2013/3/26,43,10,9,
2013/3/27,46,10,13,Rain
2013/3/28,45,10,12,Rain
2013/3/29,51,10,9,
2013/3/30,51,10,4,
2013/3/31,51,9,6,Rain
2013/4/1,55,7,11,Fog-Rain
2013/4/2,45,10,12,
2013/4/3,44,10,11,
2013/4/4,41,10,7,Rain
2013/4/5,53,9,11,Rain
2013/4/6,50,10,9,
2013/4/7,57,10,14,
2013/4/8,67,10,9,
2013/4/9,73,10,9,
2013/4/10,77,10,11,
2013/4/11,72,10,8,
2013/4/12,64,6,10,Fog-Rain-Thunderstorm
2013/4/13,60,10,7,
2013/4/14,59,10,8,
2013/4/15,60,10,7,Rain
2013/4/16,65,10,8,
2013/4/17,71,10,6,Rain
2013/4/18,70,9,9,Rain
2013/4/19,66,8,14,Rain-Thunderstorm
2013/4/20,55,10,14,Rain
2013/4/21,49,10,9,
2013/4/22,49,10,11,
2013/4/23,56,10,6,
2013/4/24,64,10,12,
2013/4/25,56,10,11,Rain
2013/4/26,58,10,5,
2013/4/27,61,10,5,
2013/4/28,60,10,8,Rain
2013/4/29,58,8,7,Rain
2013/4/30,59,6,9,Rain
2013/5/1,61,10,10,
2013/5/2,59,10,6,
2013/5/3,59,10,10,
2013/5/4,60,10,9,
2013/5/5,56,10,9,
2013/5/6,59,8,12,Rain
2013/5/7,63,7,12,Rain
2013/5/8,66,10,6,Rain
2013/5/9,67,10,5,Rain
2013/5/10,71,8,6,Fog-Rain-Thunderstorm
2013/5/11,72,10,7,Rain-Thunderstorm
2013/5/12,60,10,13,Rain
2013/5/13,55,10,11,
2013/5/14,55,10,6,
2013/5/15,72,10,8,Rain
2013/5/16,77,10,10,Rain
2013/5/17,73,10,6,
2013/5/18,64,9,7,Rain
2013/5/19,69,6,4,Fog-Rain
2013/5/20,74,9,7,Rain
2013/5/21,75,10,8,
2013/5/22,78,8,9,Rain
2013/5/23,75,10,10,Rain-Thunderstorm
2013/5/24,58,10,16,Rain
2013/5/25,57,10,15,
2013/5/26,63,10,10,
2013/5/27,63,10,4,
2013/5/28,74,8,7,Rain-Thunderstorm
2013/5/29,80,10,9,
2013/5/30,80,10,8,
2013/5/31,81,10,11,
2013/6/1,82,10,11,
2013/6/2,79,10,12,Rain-Thunderstorm
2013/6/3,76,8,8,Rain
2013/6/4,70,10,8,
2013/6/5,70,10,6,
2013/6/6,70,9,9,Rain
2013/6/7,71,5,9,Rain
2013/6/8,75,10,6,Rain
2013/6/9,76,10,6,Rain
2013/6/10,75,7,8,Fog-Rain-Thunderstorm
2013/6/11,77,10,10,
2013/6/12,81,10,8,
2013/6/13,81,9,11,Rain-Thunderstorm
2013/6/14,72,10,13,Rain
2013/6/15,74,10,8,
2013/6/16,78,10,7,Rain
2013/6/17,80,10,7,Rain
2013/6/18,73,8,6,Rain
2013/6/19,73,10,6,
2013/6/20,73,10,8,
2013/6/21,74,10,4,
2013/6/22,77,10,8,
2013/6/23,79,9,5,Rain
2013/6/24,82,10,7,Rain-Thunderstorm
2013/6/25,83,10,7,Rain-Thunderstorm
2013/6/26,82,10,7,Rain-Thunderstorm
2013/6/27,78,8,8,Rain
2013/6/28,79,8,8,Rain-Hail-Thunderstorm
2013/6/29,79,10,7,
2013/6/30,82,8,8,Rain-Thunderstorm
2013/7/1,79,9,10,Rain
2013/7/2,79,10,12,Rain
2013/7/3,81,10,10,Rain
2013/7/4,83,10,10,
2013/7/5,83,10,11,
2013/7/6,85,10,10,
2013/7/7,83,10,9,Rain
2013/7/8,80,10,6,Rain-Thunderstorm
2013/7/9,81,10,5,Rain
2013/7/10,83,9,10,Rain-Thunderstorm
2013/7/11,81,10,7,Rain
2013/7/12,73,8,10,Rain-Thunderstorm
2013/7/13,79,10,5,Rain
2013/7/14,82,9,7,
2013/7/15,86,10,6,
2013/7/16,88,10,7,
2013/7/17,89,10,5,
2013/7/18,88,9,6,Rain-Thunderstorm
2013/7/19,88,8,9,
2013/7/20,87,10,10,Thunderstorm
2013/7/21,86,10,6,Rain-Thunderstorm
2013/7/22,83,10,6,Rain
2013/7/23,83,10,8,Rain-Thunderstorm
2013/7/24,80,10,11,
2013/7/25,74,10,10,
2013/7/26,76,10,7,
2013/7/27,79,9,9,Rain-Thunderstorm
2013/7/28,78,10,8,Rain
2013/7/29,76,10,8,
2013/7/30,76,10,5,
2013/7/31,77,10,6,Rain
2013/8/1,77,7,7,Rain-Thunderstorm
2013/8/2,80,10,6,
2013/8/3,76,10,5,Rain
2013/8/4,76,10,10,
2013/8/5,73,10,6,
2013/8/6,72,10,8,Rain
2013/8/7,79,10,9,Rain
2013/8/8,82,10,9,Rain-Thunderstorm
2013/8/9,86,10,11,
2013/8/10,80,10,7,Rain
2013/8/11,80,10,5,
2013/8/12,83,10,5,Rain
2013/8/13,80,8,8,Rain-Thunderstorm
2013/8/14,70,10,13,
2013/8/15,70,10,6,
2013/8/16,72,10,3,
2013/8/17,72,10,8,
2013/8/18,71,9,6,Rain
2013/8/19,70,10,6,
2013/8/20,79,10,5,
2013/8/21,81,9,7,Rain-Thunderstorm
2013/8/22,83,10,8,Rain
2013/8/23,73,9,7,Rain
2013/8/24,75,10,7,
2013/8/25,74,10,6,
2013/8/26,77,10,8,
2013/8/27,84,10,8,Rain
2013/8/28,79,8,6,Rain
2013/8/29,81,8,8,Rain
2013/8/30,80,9,9,
2013/8/31,83,10,10,
2013/9/1,83,10,7,
2013/9/2,83,10,6,Rain-Thunderstorm
2013/9/3,79,10,10,
2013/9/4,75,10,8,
2013/9/5,78,10,9,
2013/9/6,70,10,7,
2013/9/7,71,10,7,
2013/9/8,80,10,7,Rain
2013/9/9,73,10,7,
2013/9/10,83,10,9,
2013/9/11,85,9,8,
2013/9/12,83,9,7,Rain-Thunderstorm
2013/9/13,72,10,12,Rain
2013/9/14,65,10,10,
2013/9/15,66,10,6,
2013/9/16,70,10,9,Rain
2013/9/17,63,10,9,
2013/9/18,63,10,4,
2013/9/19,67,10,7,
2013/9/20,72,10,8,
2013/9/21,72,7,10,Rain
2013/9/22,67,10,10,Rain
2013/9/23,62,10,9,
2013/9/24,63,10,6,
2013/9/25,66,10,4,
2013/9/26,68,10,4,
2013/9/27,67,10,4,
2013/9/28,67,10,5,
2013/9/29,66,10,4,
2013/9/30,66,10,4,
2013/10/1,72,10,5,
2013/10/2,76,10,6,
2013/10/3,76,10,4,
2013/10/4,78,9,3,
2013/10/5,79,10,5,
2013/10/6,80,10,9,
2013/10/7,68,7,12,Rain-Thunderstorm
2013/10/8,62,10,8,
2013/10/9,60,10,13,Rain
2013/10/10,58,5,13,Rain
2013/10/11,62,4,11,Rain-Thunderstorm
2013/10/12,66,7,11,Rain
2013/10/13,63,10,11,Rain
2013/10/14,64,10,7,
2013/10/15,64,9,4,Rain
2013/10/16,68,10,5,Rain
2013/10/17,70,10,8,Rain
2013/10/18,61,10,7,
2013/10/19,60,10,7,Rain
2013/10/20,58,10,9,
2013/10/21,57,10,7,
2013/10/22,60,10,7,Rain
2013/10/23,54,10,8,Rain
2013/10/24,48,10,9,
2013/10/25,48,10,9,
2013/10/26,46,10,10,
2013/10/27,53,10,6,
2013/10/28,55,10,3,
2013/10/29,55,10,3,
2013/10/30,59,8,4,Rain
2013/10/31,62,8,8,Rain
2013/11/1,67,9,11,Rain
2013/11/2,62,10,7,Rain
2013/11/3,52,10,11,
2013/11/4,43,10,8,
2013/11/5,50,10,2,
2013/11/6,61,10,7,
2013/11/7,55,10,13,Rain
2013/11/8,45,10,10,
2013/11/9,45,10,9,
2013/11/10,54,10,11,
2013/11/11,49,10,9,
2013/11/12,44,10,13,
2013/11/13,39,10,10,
2013/11/14,42,10,5,
2013/11/15,48,10,3,Rain
2013/11/16,51,4,2,Rain
2013/11/17,59,7,7,Rain
2013/11/18,62,9,13,Rain
2013/11/19,47,10,15,
2013/11/20,43,10,9,
2013/11/21,44,10,3,
2013/11/22,55,10,5,
2013/11/23,47,10,16,Snow
2013/11/24,30,10,15,
2013/11/25,31,10,9,
2013/11/26,42,6,7,Rain
2013/11/27,37,8,14,Rain-Snow
2013/11/28,34,10,8,
2013/11/29,37,10,9,
2013/11/30,34,10,3,
2013/12/1,39,10,3,
2013/12/2,46,10,3,
2013/12/3,49,10,2,
2013/12/4,49,8,2,
2013/12/5,59,8,8,Fog-Rain
2013/12/6,53,6,12,Fog-Rain
2013/12/7,39,9,13,Rain
2013/12/8,32,5,9,Rain-Snow
2013/12/9,35,6,4,Rain
2013/12/10,36,5,5,Fog-Rain-Snow
2013/12/11,34,10,3,
2013/12/12,31,10,9,
2013/12/13,35,10,6,
2013/12/14,38,7,7,Rain
2013/12/15,42,10,10,
2013/12/16,36,10,7,
2013/12/17,38,8,4,Rain-Snow
2013/12/18,38,8,7,Snow
2013/12/19,46,10,7,
2013/12/20,52,10,9,
2013/12/21,62,10,13,
2013/12/22,65,9,14,Fog-Rain
2013/12/23,53,7,12,Fog-Rain
2013/12/24,35,10,15,Snow
2013/12/25,28,10,7,
2013/12/26,36,10,5,
2013/12/27,40,10,5,
2013/12/28,44,10,7,
2013/12/29,47,7,6,Rain
2013/12/30,42,10,9,
2013/12/31,40,10,11,
2014/1/1,39,10,5,
2014/1/2,36,4,7,Fog-Rain-Snow
2014/1/3,26,8,17,Snow
2014/1/4,26,10,7,
2014/1/5,37,5,4,Fog-Rain
2014/1/6,30,7,15,Fog-Rain
2014/1/7,14,10,11,
2014/1/8,22,10,5,
2014/1/9,35,10,4,
2014/1/10,34,4,3,Fog-Rain
2014/1/11,48,4,6,Fog-Rain
2014/1/12,34,10,3,
2014/1/13,47,10,7,
2014/1/14,48,8,8,Fog-Rain
2014/1/15,45,5,8,Fog-Rain
2014/1/16,38,10,8,Snow
2014/1/17,40,10,6,
2014/1/18,33,10,13,Rain-Snow
2014/1/19,38,10,9,
2014/1/20,49,10,8,
2014/1/21,29,4,15,Snow
2014/1/22,14,10,15,
2014/1/23,20,10,9,Snow
2014/1/24,18,10,11,
2014/1/25,29,10,17,Snow
2014/1/26,27,10,6,
2014/1/27,39,10,15,
2014/1/28,18,8,11,Snow
2014/1/29,20,8,9,Snow
2014/1/30,25,10,6,
2014/1/31,38,10,4,
2014/2/1,41,10,3,
2014/2/2,49,10,4,
2014/2/3,42,6,13,Rain-Snow
2014/2/4,35,8,6,Rain
2014/2/5,39,7,10,Rain
2014/2/6,34,10,11,
2014/2/7,37,10,7,
2014/2/8,33,10,4,Snow
2014/2/9,33,8,5,Rain-Snow
2014/2/10,30,10,12,
2014/2/11,29,10,8,
2014/2/12,25,7,10,Snow
2014/2/13,33,3,17,Rain-Snow
2014/2/14,43,10,7,
2014/2/15,36,8,13,Rain-Snow
2014/2/16,33,10,8,
2014/2/17,32,10,7,
2014/2/18,44,7,8,Snow
2014/2/19,49,9,9,Rain
2014/2/20,47,10,4,
2014/2/21,55,10,5,Rain
2014/2/22,49,10,9,Fog
2014/2/23,55,10,9,
2014/2/24,41,10,13,
2014/2/25,35,6,5,Snow
2014/2/26,33,6,9,Snow
2014/2/27,32,10,16,
2014/2/28,22,10,8,
2014/3/1,35,10,4,
2014/3/2,45,6,6,Rain
2014/3/3,28,4,15,Rain-Snow
2014/3/4,24,10,5,
2014/3/5,35,10,6,
2014/3/6,31,10,12,
2014/3/7,39,10,13,
2014/3/8,50,10,6,
2014/3/9,47,10,9,
2014/3/10,50,10,9,
2014/3/11,58,10,4,
2014/3/12,51,10,13,Rain
2014/3/13,30,10,21,
2014/3/14,44,10,12,
2014/3/15,59,10,11,
2014/3/16,40,5,11,Fog-Rain-Snow
2014/3/17,30,6,12,Fog-Snow
2014/3/18,37,10,10,
2014/3/19,40,6,5,Rain
2014/3/20,52,6,11,Fog
2014/3/21,51,10,6,
2014/3/22,59,10,9,
2014/3/23,43,10,13,
2014/3/24,35,10,9,
2014/3/25,34,4,7,Snow
2014/3/26,35,9,15,Snow
2014/3/27,40,10,8,
2014/3/28,57,10,14,Rain
2014/3/29,58,5,5,Fog-Rain
2014/3/30,45,7,16,Rain-Snow
2014/3/31,55,10,14,Rain
2014/4/1,56,10,7,
2014/4/2,57,10,3,
2014/4/3,61,10,5,Rain
2014/4/4,57,10,9,Rain
2014/4/5,53,8,13,
2014/4/6,51,10,6,
2014/4/7,48,5,7,Rain
2014/4/8,60,8,9,Rain
2014/4/9,57,10,9,
2014/4/10,59,10,10,
2014/4/11,71,10,10,Rain
2014/4/12,67,10,7,
2014/4/13,70,10,11,
2014/4/14,73,10,16,Rain
2014/4/15,55,7,15,Rain-Snow
2014/4/16,43,10,14,
2014/4/17,48,10,9,
2014/4/18,48,10,4,
2014/4/19,59,10,6,
2014/4/20,56,10,10,
2014/4/21,57,10,5,
2014/4/22,62,10,9,Rain
2014/4/23,55,10,17,
2014/4/24,56,10,8,
2014/4/25,59,8,8,Rain-Thunderstorm
2014/4/26,64,10,11,Rain
2014/4/27,60,10,9,
2014/4/28,56,9,7,Rain
2014/4/29,48,5,9,Rain
2014/4/30,60,5,8,Fog-Rain-Thunderstorm
2014/5/1,67,10,7,Fog-Rain
2014/5/2,64,10,8,
2014/5/3,66,10,5,Rain
2014/5/4,68,10,12,
2014/5/5,58,10,9,Rain-Thunderstorm
2014/5/6,64,10,4,Rain
2014/5/7,60,10,5,Rain-Thunderstorm
2014/5/8,73,8,4,Rain
2014/5/9,69,9,6,Rain
2014/5/10,73,9,8,Rain
2014/5/11,72,10,6,
2014/5/12,75,9,7,Rain
2014/5/13,78,9,6,Thunderstorm
2014/5/14,64,6,7,Rain
2014/5/15,74,7,10,Rain
2014/5/16,64,6,13,Rain
2014/5/17,61,10,7,
2014/5/18,61,10,9,
2014/5/19,62,10,5,
2014/5/20,67,10,5,
2014/5/21,72,9,4,Rain-Thunderstorm
2014/5/22,77,7,4,Rain
2014/5/23,71,10,14,
2014/5/24,68,10,8,
2014/5/25,72,10,5,
2014/5/26,76,10,6,
2014/5/27,81,8,7,Rain-Thunderstorm
2014/5/28,75,10,8,Rain
2014/5/29,60,6,7,Rain
2014/5/30,68,8,6,
2014/5/31,71,10,9,
2014/6/1,68,10,6,
2014/6/2,70,10,10,
2014/6/3,77,10,7,Rain
2014/6/4,80,9,5,Rain
2014/6/5,74,10,11,Rain
2014/6/6,72,10,7,
2014/6/7,75,10,3,
2014/6/8,76,10,8,Rain
2014/6/9,78,9,7,Rain
2014/6/10,81,9,5,Rain
2014/6/11,80,8,8,Rain-Thunderstorm
2014/6/12,76,9,8,Rain
2014/6/13,78,10,7,Rain-Thunderstorm
2014/6/14,72,10,13,
2014/6/15,72,10,5,
2014/6/16,79,10,4,
2014/6/17,85,10,7,
2014/6/18,86,10,8,
2014/6/19,81,10,8,Rain-Thunderstorm
2014/6/20,79,10,6,
2014/6/21,72,10,7,Rain
2014/6/22,75,8,6,Rain
2014/6/23,77,10,9,
2014/6/24,78,10,10,
2014/6/25,82,9,9,Rain-Thunderstorm
2014/6/26,82,10,9,
2014/6/27,80,10,8,
2014/6/28,78,10,7,
2014/6/29,78,10,7,
2014/6/30,81,10,10,
2014/7/1,85,10,11,
2014/7/2,88,10,9,Rain-Thunderstorm
2014/7/3,84,9,7,Rain-Thunderstorm
2014/7/4,76,10,15,Rain
2014/7/5,75,10,8,
2014/7/6,77,10,9,
2014/7/7,84,10,12,
2014/7/8,84,9,12,Rain-Thunderstorm
2014/7/9,81,10,7,Rain-Thunderstorm
2014/7/10,78,8,5,Rain-Thunderstorm
2014/7/11,79,10,5,
2014/7/12,82,10,10,
2014/7/13,85,10,12,Rain-Thunderstorm
2014/7/14,85,9,7,Rain-Thunderstorm
2014/7/15,81,7,5,Rain-Thunderstorm
2014/7/16,77,10,8,
2014/7/17,75,10,6,
2014/7/18,77,10,4,
2014/7/19,79,10,5,Rain
2014/7/20,79,10,4,
2014/7/21,80,10,5,
2014/7/22,81,10,8,
2014/7/23,85,10,8,Rain-Thunderstorm
2014/7/24,77,10,8,Rain
2014/7/25,75,10,8,
2014/7/26,80,10,8,Rain
2014/7/27,80,10,10,Rain
2014/7/28,79,10,13,Rain-Thunderstorm
2014/7/29,72,10,10,
2014/7/30,70,10,7,
2014/7/31,78,10,7,
2014/8/1,74,10,7,Rain
2014/8/2,76,10,6,Rain
2014/8/3,78,9,5,Rain-Thunderstorm
2014/8/4,79,10,4,
2014/8/5,81,9,4,Rain
2014/8/6,78,9,6,Rain-Thunderstorm
2014/8/7,79,10,7,
2014/8/8,77,10,5,
2014/8/9,79,10,4,
2014/8/10,80,10,5,
2014/8/11,78,10,7,Rain
2014/8/12,76,7,5,Rain-Thunderstorm
2014/8/13,78,10,11,
2014/8/14,75,10,7,
2014/8/15,72,10,8,
2014/8/16,75,10,5,
2014/8/17,80,10,8,Rain
2014/8/18,78,10,5,
2014/8/19,80,10,7,Rain
2014/8/20,81,9,6,Rain-Thunderstorm
2014/8/21,81,10,3,Rain
2014/8/22,79,9,6,Rain
2014/8/23,74,8,7,Rain
2014/8/24,75,10,7,
2014/8/25,75,10,6,
2014/8/26,78,10,4,
2014/8/27,79,10,5,Fog
2014/8/28,79,10,10,
2014/8/29,75,10,5,
2014/8/30,78,10,7,
2014/8/31,87,9,10,Rain-Thunderstorm
2014/9/1,86,10,5,Rain-Thunderstorm
2014/9/2,86,10,7,Rain-Thunderstorm
2014/9/3,83,10,4,
2014/9/4,83,10,6,
2014/9/5,85,10,7,
2014/9/6,85,10,9,Rain-Thunderstorm
2014/9/7,77,10,10,
2014/9/8,74,10,10,Rain
2014/9/9,75,10,11,
2014/9/10,77,10,8,
2014/9/11,82,10,11,
2014/9/12,74,10,10,
2014/9/13,68,8,7,Rain
2014/9/14,65,10,6,
2014/9/15,68,10,6,
2014/9/16,72,10,9,
2014/9/17,69,10,4,
2014/9/18,73,10,5,
2014/9/19,70,10,8,
2014/9/20,74,10,5,
2014/9/21,75,10,6,
2014/9/22,68,10,14,
2014/9/23,65,10,6,
2014/9/24,66,10,12,Rain
2014/9/25,66,6,13,Rain
2014/9/26,70,10,7,Rain
2014/9/27,73,10,3,
2014/9/28,72,10,3,
2014/9/29,70,10,5,
2014/9/30,73,9,5,Rain
2014/10/1,72,10,5,Rain
2014/10/2,71,9,4,Rain
2014/10/3,69,10,9,Rain
2014/10/4,61,10,12,Rain
2014/10/5,55,10,6,
2014/10/6,63,10,12,
2014/10/7,69,10,11,Rain-Thunderstorm
2014/10/8,70,10,9,Rain
2014/10/9,66,10,6,
2014/10/10,61,9,7,Rain
2014/10/11,58,7,8,Rain
2014/10/12,59,10,6,
2014/10/13,65,6,1,Fog-Rain
2014/10/14,73,9,11,
2014/10/15,71,8,10,Fog-Rain-Thunderstorm
2014/10/16,64,9,6,Rain
2014/10/17,66,10,8,
2014/10/18,65,10,11,
2014/10/19,56,10,12,
2014/10/20,58,10,8,Rain
2014/10/21,64,10,5,Rain
2014/10/22,57,7,15,Rain
2014/10/23,61,10,16,
2014/10/24,63,10,11,
2014/10/25,62,10,7,
2014/10/26,62,10,10,
2014/10/27,59,10,6,
2014/10/28,69,10,9,
2014/10/29,61,10,5,Rain
2014/10/30,56,10,9,
2014/10/31,53,10,6,
2014/11/1,51,10,17,Rain
2014/11/2,49,10,18,Rain
2014/11/3,55,10,8,
2014/11/4,58,10,5,
2014/11/5,61,10,4,Rain
2014/11/6,60,8,6,Rain
2014/11/7,51,10,14,
2014/11/8,45,10,7,
2014/11/9,53,10,3,
2014/11/10,54,9,4,
2014/11/11,58,10,3,Rain
2014/11/12,57,6,11,Fog
2014/11/13,44,10,10,Rain
2014/11/14,40,10,13,
2014/11/15,40,10,7,
2014/11/16,43,10,7,Rain
2014/11/17,47,8,9,Rain
2014/11/18,34,10,17,
2014/11/19,31,10,11,
2014/11/20,46,10,13,
2014/11/21,35,10,11,
2014/11/22,39,10,9,
2014/11/23,48,9,6,Rain
2014/11/24,65,9,15,Rain
2014/11/25,59,10,6,
2014/11/26,44,7,9,Rain-Snow
2014/11/27,44,10,7,
2014/11/28,38,10,9,
2014/11/29,42,10,7,
2014/11/30,54,10,10,
2014/12/1,58,10,10,Rain
2014/12/2,42,5,8,Rain
2014/12/3,48,9,9,Rain
2014/12/4,42,10,5,Rain
2014/12/5,42,9,5,Rain
2014/12/6,49,6,9,Rain
2014/12/7,44,10,16,
2014/12/8,37,9,12,
2014/12/9,41,6,13,Rain
2014/12/10,46,10,17,
2014/12/11,41,10,12,
2014/12/12,42,10,12,
2014/12/13,40,10,6,
2014/12/14,46,10,7,
2014/12/15,49,10,4,
2014/12/16,45,5,4,Rain
2014/12/17,49,9,10,
2014/12/18,40,10,12,
2014/12/19,39,10,11,
2014/12/20,35,10,5,
2014/12/21,40,10,4,
2014/12/22,37,4,7,Rain-Snow
2014/12/23,44,2,4,Fog-Rain
2014/12/24,53,3,3,Fog-Rain
2014/12/25,54,9,11,Rain
2014/12/26,44,10,5,
2014/12/27,48,10,2,
2014/12/28,52,10,5,Rain
2014/12/29,46,10,7,Rain
2014/12/30,38,10,9,
2014/12/31,34,10,6,
2015/1/1,37,10,8,
2015/1/2,42,10,3,
2015/1/3,38,4,3,Fog-Rain
2015/1/4,55,8,13,Rain
2015/1/5,41,10,14,
2015/1/6,28,6,5,Snow
2015/1/7,23,10,15,Snow
2015/1/8,19,10,11,
2015/1/9,34,10,12,
2015/1/10,25,10,8,
2015/1/11,32,10,5,Rain
2015/1/12,39,4,4,Rain
2015/1/13,36,10,12,
2015/1/14,30,9,8,Snow
2015/1/15,37,10,6,
2015/1/16,38,9,10,
2015/1/17,34,10,9,
2015/1/18,40,6,5,Rain
2015/1/19,42,10,6,
2015/1/20,41,10,2,
2015/1/21,37,5,5,Fog-Rain-Snow
2015/1/22,43,7,8,Rain
2015/1/23,37,7,5,Rain-Snow
2015/1/24,41,6,10,Rain
2015/1/25,44,10,6,
2015/1/26,38,6,13,Rain-Snow
2015/1/27,34,9,15,Snow
2015/1/28,32,10,14,
2015/1/29,33,10,6,Rain-Snow
2015/1/30,33,9,16,Snow
2015/1/31,28,10,10,
2015/2/1,36,10,4,Rain-Snow
2015/2/2,39,7,12,Rain
2015/2/3,32,10,10,
2015/2/4,42,10,9,
2015/2/5,33,10,17,
2015/2/6,28,10,7,
2015/2/7,38,10,4,
2015/2/8,52,10,5,
2015/2/9,40,5,10,Rain
2015/2/10,37,9,15,Rain-Snow
2015/2/11,38,10,8,
2015/2/12,32,10,13,Snow
2015/2/13,23,10,13,
2015/2/14,32,8,14,Snow
2015/2/15,17,10,22,
2015/2/16,15,5,8,Snow
2015/2/17,24,6,6,Snow
2015/2/18,24,8,8,Fog-Snow
2015/2/19,16,9,16,Snow
2015/2/20,14,10,9,
2015/2/21,25,4,10,Rain-Snow
2015/2/22,14,7,9,Rain
2015/2/23,30,10,15,
2015/2/24,22,10,8,
2015/2/25,32,10,4,
2015/2/26,35,6,7,Snow
2015/2/27,32,10,4,Snow
2015/2/28,27,10,5,
2015/3/1,29,7,6,Rain-Snow
2015/3/2,40,5,9,Fog
2015/3/3,36,10,9,Rain
2015/3/4,45,4,6,Fog-Rain
2015/3/5,34,3,13,Fog-Rain-Snow
2015/3/6,23,10,7,
2015/3/7,34,10,8,
2015/3/8,46,10,6,
2015/3/9,50,10,3,
2015/3/10,45,4,4,Fog-Rain
2015/3/11,57,7,6,Fog-Rain
2015/3/12,52,10,9,
2015/3/13,46,10,5,Rain
2015/3/14,53,8,8,Rain
2015/3/15,51,10,13,
2015/3/16,54,10,4,
2015/3/17,57,10,15,
2015/3/18,45,10,10,
2015/3/19,46,10,4,
2015/3/20,41,5,8,Rain-Snow
2015/3/21,48,9,6,
2015/3/22,51,10,11,
2015/3/23,44,10,8,
2015/3/24,42,10,6,
2015/3/25,45,10,5,Rain
2015/3/26,63,8,11,Rain-Thunderstorm
2015/3/27,47,10,12,Rain
2015/3/28,37,10,16,
2015/3/29,39,10,10,
2015/3/30,54,9,11,Rain-Snow
2015/3/31,58,10,14,Rain-Thunderstorm
2015/4/1,58,10,14,
2015/4/2,58,10,16,
2015/4/3,67,9,12,Rain
2015/4/4,57,10,14,Rain
2015/4/5,55,10,11,
2015/4/6,63,10,11,
2015/4/7,63,10,8,Rain
2015/4/8,49,8,11,Rain
2015/4/9,48,7,8,Rain
2015/4/10,57,7,7,Rain
2015/4/11,60,10,11,
2015/4/12,57,10,5,
2015/4/13,66,10,12,
2015/4/14,61,7,8,Rain
2015/4/15,60,10,7,
2015/4/16,63,10,6,Rain
2015/4/17,69,10,6,Rain
2015/4/18,73,10,4,
2015/4/19,62,9,13,Rain
2015/4/20,70,8,12,Rain-Thunderstorm
2015/4/21,63,10,11,Rain-Thunderstorm
2015/4/22,63,10,12,Rain
2015/4/23,53,10,12,
2015/4/24,52,10,13,
2015/4/25,49,9,6,Rain
2015/4/26,56,10,5,
2015/4/27,55,10,12,Rain
2015/4/28,60,10,12,
2015/4/29,65,10,4,
2015/4/30,65,10,7,Rain-Hail-Thunderstorm
2015/5/1,59,10,7,Rain-Thunderstorm
2015/5/2,65,10,5,
2015/5/3,70,10,5,
2015/5/4,70,10,10,
2015/5/5,75,10,7,Rain-Thunderstorm
2015/5/6,74,10,5,Rain
2015/5/7,72,10,6,
2015/5/8,74,10,5,
2015/5/9,74,9,6,Rain
2015/5/10,77,10,7,
2015/5/11,77,10,5,
2015/5/12,81,10,10,
2015/5/13,64,10,16,
2015/5/14,63,10,7,
2015/5/15,68,10,10,
2015/5/16,78,9,8,Rain-Thunderstorm
2015/5/17,79,10,4,Rain
2015/5/18,82,8,5,Rain-Thunderstorm
2015/5/19,81,10,6,
2015/5/20,69,10,15,
2015/5/21,58,8,7,Rain
2015/5/22,66,10,11,
2015/5/23,65,10,8,
2015/5/24,70,10,8,
2015/5/25,76,10,12,
2015/5/26,79,10,11,
2015/5/27,83,10,9,
2015/5/28,83,10,6,Rain-Thunderstorm
2015/5/29,81,10,8,Thunderstorm
2015/5/30,81,10,11,
2015/5/31,83,10,12,
2015/6/1,82,7,8,Rain-Hail-Thunderstorm
2015/6/2,66,7,11,Rain-Thunderstorm
2015/6/3,62,8,11,Rain
2015/6/4,62,7,10,Rain
2015/6/5,68,10,5,Rain
2015/6/6,75,10,9,
2015/6/7,73,10,9,
2015/6/8,77,8,13,Rain-Thunderstorm
2015/6/9,81,10,12,
2015/6/10,76,10,7,
2015/6/11,82,8,8,
2015/6/12,86,10,10,Rain-Thunderstorm
2015/6/13,84,10,6,
2015/6/14,86,9,5,Rain-Thunderstorm
2015/6/15,86,10,6,Rain
2015/6/16,87,10,9,
2015/6/17,79,9,5,Rain
2015/6/18,82,9,6,Rain-Thunderstorm
2015/6/19,81,10,7,Rain
2015/6/20,84,8,6,Fog-Rain-Thunderstorm
2015/6/21,85,10,9,Rain
2015/6/22,86,10,8,
2015/6/23,86,8,11,Rain-Thunderstorm
2015/6/24,78,10,8,
2015/6/25,79,9,6,Rain-Thunderstorm
2015/6/26,76,10,6,
2015/6/27,74,6,11,Rain
2015/6/28,75,10,9,Rain
2015/6/29,74,10,8,
2015/6/30,80,10,9,Rain
2015/7/1,79,8,7,Rain-Thunderstorm
2015/7/2,73,8,4,Rain
2015/7/3,75,7,4,Fog-Rain
2015/7/4,79,6,3,Rain-Thunderstorm
2015/7/5,79,7,4,
2015/7/6,83,10,7,Rain
2015/7/7,83,10,8,
2015/7/8,85,7,8,Rain-Thunderstorm
2015/7/9,85,10,7,Rain
2015/7/10,83,10,10,Rain
2015/7/11,82,9,5,Rain
2015/7/12,79,10,5,
2015/7/13,78,10,5,Rain
2015/7/14,83,10,7,
2015/7/15,80,10,11,Rain
2015/7/16,77,10,7,
2015/7/17,78,10,8,
2015/7/18,83,10,8,Rain
2015/7/19,89,10,6,
2015/7/20,90,10,7,
2015/7/21,86,10,7,Rain
2015/7/22,81,10,9,
2015/7/23,80,10,7,
2015/7/24,80,10,7,
2015/7/25,81,10,7,
2015/7/26,83,10,12,
2015/7/27,82,9,6,Rain-Thunderstorm
2015/7/28,86,10,4,Thunderstorm
2015/7/29,85,10,9,
2015/7/30,85,9,8,Rain-Thunderstorm
2015/7/31,83,10,8,
2015/8/1,83,10,7,
2015/8/2,82,10,7,
2015/8/3,83,10,10,
2015/8/4,86,9,7,Rain
2015/8/5,84,10,6,
2015/8/6,80,10,8,Rain
2015/8/7,77,10,9,Rain
2015/8/8,81,10,8,
2015/8/9,81,10,7,
2015/8/10,76,10,11,Rain
2015/8/11,82,9,9,Rain
2015/8/12,78,10,11,
2015/8/13,77,10,7,
2015/8/14,76,10,5,
2015/8/15,79,10,8,
2015/8/16,82,10,7,
2015/8/17,84,10,8,
2015/8/18,82,10,7,
2015/8/19,84,10,10,
2015/8/20,80,10,8,Rain-Thunderstorm
2015/8/21,79,10,9,
2015/8/22,76,10,6,
2015/8/23,75,10,5,
2015/8/24,81,9,7,Rain-Thunderstorm
2015/8/25,77,10,8,
2015/8/26,75,10,8,
2015/8/27,73,10,7,
2015/8/28,74,10,4,
2015/8/29,78,10,10,
2015/8/30,78,10,8,
2015/8/31,81,10,8,
2015/9/1,83,10,4,
2015/9/2,85,9,5,
2015/9/3,85,10,5,Rain-Thunderstorm
2015/9/4,84,10,7,
2015/9/5,80,10,8,
2015/9/6,78,10,5,
2015/9/7,80,10,6,
2015/9/8,82,10,9,
2015/9/9,85,10,9,Rain
2015/9/10,77,10,10,Rain
2015/9/11,76,10,7,
2015/9/12,71,10,6,Rain
2015/9/13,67,10,11,Rain
2015/9/14,68,10,8,
2015/9/15,72,10,4,
2015/9/16,73,10,4,
2015/9/17,75,10,5,
2015/9/18,76,10,6,
2015/9/19,77,9,8,
2015/9/20,75,10,11,
2015/9/21,67,10,10,Rain
2015/9/22,69,10,10,
2015/9/23,70,10,9,
2015/9/24,70,10,8,
2015/9/25,68,10,11,Rain
2015/9/26,69,10,13,Rain
2015/9/27,69,10,11,Rain
2015/9/28,75,10,6,
2015/9/29,76,8,7,Rain
2015/9/30,71,9,11,Rain
2015/10/1,60,5,14,Rain
2015/10/2,54,7,18,Rain
2015/10/3,54,5,17,Rain
2015/10/4,57,10,15,
2015/10/5,61,10,8,
2015/10/6,64,10,4,
2015/10/7,68,10,3,
2015/10/8,68,9,4,
2015/10/9,71,9,8,Rain-Thunderstorm
2015/10/10,59,10,8,
2015/10/11,59,10,4,
2015/10/12,63,10,6,
2015/10/13,69,10,7,
2015/10/14,63,10,7,
2015/10/15,61,10,9,
2015/10/16,59,10,9,
2015/10/17,52,10,10,
2015/10/18,46,10,10,
2015/10/19,47,10,7,
2015/10/20,56,10,6,
2015/10/21,61,10,5,
2015/10/22,63,10,6,
2015/10/23,61,10,8,
2015/10/24,55,10,7,
2015/10/25,63,10,10,Rain
2015/10/26,54,10,7,
2015/10/27,52,10,8,Rain
2015/10/28,63,8,13,Rain
2015/10/29,65,9,7,Rain
2015/10/30,54,10,12,
2015/10/31,52,10,6,
2015/11/1,59,10,9,Rain
2015/11/2,59,10,2,
2015/11/3,59,10,1,
2015/11/4,62,10,2,Rain
2015/11/5,65,5,4,Fog-Rain
2015/11/6,70,7,10,Fog-Rain
2015/11/7,63,10,7,Rain
2015/11/8,51,10,7,
2015/11/9,47,9,6,Rain
2015/11/10,56,5,12,Rain
2015/11/11,58,10,11,
2015/11/12,58,10,7,Rain
2015/11/13,56,10,12,
2015/11/14,48,10,11,
2015/11/15,50,10,8,
2015/11/16,56,10,4,
2015/11/17,54,10,7,
2015/11/18,56,10,9,
2015/11/19,62,5,7,Fog-Rain
2015/11/20,51,10,12,
2015/11/21,47,10,6,
2015/11/22,43,10,14,
2015/11/23,37,10,11,
2015/11/24,45,10,7,
2015/11/25,48,10,5,
2015/11/26,52,10,3,
2015/11/27,54,9,5,
2015/11/28,57,10,5,Rain
2015/11/29,52,8,9,Rain
2015/11/30,42,5,10,Rain
2015/12/1,46,5,5,Fog-Rain
2015/12/2,54,4,6,Fog-Rain
2015/12/3,48,10,14,
2015/12/4,45,10,5,
2015/12/5,44,10,2,
2015/12/6,43,6,3,Fog
2015/12/7,48,9,5,
2015/12/8,47,10,4,
2015/12/9,44,5,5,Fog
2015/12/10,52,8,3,Rain
2015/12/11,54,10,4,
2015/12/12,57,8,3,
2015/12/13,60,8,5,Fog
2015/12/14,61,9,11,Rain
2015/12/15,57,10,12,
2015/12/16,49,10,5,
2015/12/17,51,7,4,Fog-Rain
2015/12/18,44,10,14,
2015/12/19,38,10,10,
2015/12/20,39,10,6,
2015/12/21,48,10,12,
2015/12/22,57,9,8,Rain
2015/12/23,60,4,6,Fog-Rain
2015/12/24,66,10,10,Fog-Rain
2015/12/25,63,5,5,Fog-Rain
2015/12/26,56,7,9,Fog-Rain
2015/12/27,61,8,11,Rain
2015/12/28,51,8,14,Rain
2015/12/29,49,6,7,Fog-Rain
2015/12/30,52,4,5,Fog-Rain
2015/12/31,51,9,8,
2016/1/1,42,10,8,
2016/1/2,40,10,6,
2016/1/3,43,10,8,
2016/1/4,30,10,17,
2016/1/5,25,10,10,
2016/1/6,30,10,4,
2016/1/7,39,8,3,
2016/1/8,43,3,5,Rain
2016/1/9,46,4,5,Rain
2016/1/10,50,8,17,Rain
2016/1/11,35,10,10,
2016/1/12,38,10,14,Rain-Snow
2016/1/13,27,10,10,
2016/1/14,41,10,8,
2016/1/15,42,9,6,Rain
2016/1/16,46,7,9,Fog-Rain
2016/1/17,35,7,7,Fog-Snow
2016/1/18,25,10,18,Snow
2016/1/19,22,10,15,
2016/1/20,25,6,8,Snow
2016/1/21,29,10,12,Snow
2016/1/22,26,4,11,Fog-Snow
2016/1/23,27,1,23,Fog-Snow
2016/1/24,27,10,9,
2016/1/25,29,8,2,
2016/1/26,41,10,8,Rain
2016/1/27,40,10,10,Rain
2016/1/28,33,10,4,
2016/1/29,36,10,12,Snow
2016/1/30,33,10,8,
2016/1/31,47,10,9,
2016/2/1,52,10,9,Rain
2016/2/2,45,10,6,
2016/2/3,49,7,7,Fog-Rain
2016/2/4,50,7,13,Fog-Rain
2016/2/5,39,9,15,Rain-Snow
2016/2/6,36,10,5,
2016/2/7,38,10,7,
2016/2/8,40,10,9,Rain
2016/2/9,36,8,8,Rain-Snow
2016/2/10,33,10,13,Snow
2016/2/11,26,10,14,
2016/2/12,25,10,6,Snow
2016/2/13,22,8,18,Snow
2016/2/14,20,9,9,Snow
2016/2/15,26,4,6,Fog-Rain-Snow
2016/2/16,42,6,10,Fog-Rain
2016/2/17,40,10,8,
2016/2/18,35,10,12,
2016/2/19,34,10,8,
2016/2/20,53,10,11,
2016/2/21,51,6,7,Rain
2016/2/22,47,10,7,
2016/2/23,43,4,11,Rain
2016/2/24,54,4,10,Fog-Rain-Hail-Thunderstorm
2016/2/25,50,10,17,Rain
2016/2/26,36,10,16,
2016/2/27,37,10,7,
2016/2/28,49,10,11,
2016/2/29,55,10,11,
2016/3/1,53,10,9,Rain
2016/3/2,46,10,19,Rain
2016/3/3,35,8,7,Snow
2016/3/4,37,7,12,Snow
2016/3/5,40,10,7,
2016/3/6,45,10,4,Rain
2016/3/7,51,10,11,
2016/3/8,63,10,5,
2016/3/9,63,10,7,
2016/3/10,68,10,12,
2016/3/11,65,10,9,Rain
2016/3/12,55,10,5,
2016/3/13,55,9,8,Rain
2016/3/14,50,7,11,Rain
2016/3/15,56,10,5,Rain
2016/3/16,62,10,4,Rain
2016/3/17,59,10,9,Rain
2016/3/18,58,10,10,
2016/3/19,48,10,11,Rain-Snow
2016/3/20,41,10,10,Rain-Snow
2016/3/21,45,10,11,
2016/3/22,49,10,10,
2016/3/23,64,10,12,
2016/3/24,64,10,12,
2016/3/25,61,10,15,Rain
2016/3/26,52,10,7,
2016/3/27,53,9,7,Rain
2016/3/28,60,8,13,Rain
2016/3/29,53,10,15,
2016/3/30,52,10,10,
2016/3/31,64,10,17,
2016/4/1,74,10,14,Rain
2016/4/2,56,10,12,Rain
2016/4/3,46,10,15,Snow
2016/4/4,57,10,16,Rain
2016/4/5,38,10,15,Snow
2016/4/6,45,10,13,
2016/4/7,57,8,11,Rain
2016/4/8,49,10,11,
2016/4/9,42,8,15,Rain-Snow
2016/4/10,42,10,10,
2016/4/11,60,10,17,Rain
2016/4/12,58,10,16,Rain
2016/4/13,51,10,6,
2016/4/14,52,10,5,
2016/4/15,53,10,5,
2016/4/16,59,10,6,
2016/4/17,61,10,4,
2016/4/18,68,10,5,
2016/4/19,70,10,11,
2016/4/20,61,10,8,
2016/4/21,63,10,10,
2016/4/22,70,10,11,Rain
2016/4/23,63,9,13,Rain
2016/4/24,57,10,8,
2016/4/25,65,10,8,
2016/4/26,76,10,12,
2016/4/27,62,9,8,Rain
2016/4/28,52,5,8,Rain
2016/4/29,52,8,7,Rain
2016/4/30,55,10,6,Rain
2016/5/1,56,8,7,Rain
2016/5/2,66,6,6,Fog-Rain-Hail-Thunderstorm
2016/5/3,66,9,7,Rain-Thunderstorm
2016/5/4,57,10,9,Rain
2016/5/5,55,8,11,Rain
2016/5/6,53,8,9,Rain
2016/5/7,59,9,7,Rain
2016/5/8,63,10,10,Rain
2016/5/9,57,10,6,Rain
2016/5/10,61,10,7,Rain
2016/5/11,58,6,5,Rain
2016/5/12,62,7,5,
2016/5/13,69,8,8,Rain
2016/5/14,64,10,10,Rain
2016/5/15,55,10,13,
2016/5/16,56,10,8,
2016/5/17,57,9,4,Rain
2016/5/18,60,9,6,Rain
2016/5/19,63,10,6,
2016/5/20,65,10,5,
2016/5/21,59,6,11,Rain
2016/5/22,56,6,10,Rain
2016/5/23,66,10,7,Rain-Thunderstorm
2016/5/24,70,10,9,Rain
2016/5/25,73,10,5,
2016/5/26,76,10,8,
2016/5/27,79,10,9,
2016/5/28,79,10,10,
2016/5/29,75,8,6,Rain
2016/5/30,74,10,6,
2016/5/31,79,10,4,
2016/6/1,78,10,6,
2016/6/2,75,10,5,
2016/6/3,77,8,6,Rain
2016/6/4,76,10,8,
2016/6/5,78,10,11,Rain
2016/6/6,78,10,8,
2016/6/7,76,10,10,Rain
2016/6/8,68,10,14,
2016/6/9,68,10,10,
2016/6/10,73,10,10,
2016/6/11,81,10,10,
2016/6/12,82,10,14,
2016/6/13,73,10,11,
2016/6/14,74,10,9,
2016/6/15,75,10,7,Rain
2016/6/16,79,9,9,Rain-Thunderstorm
2016/6/17,74,9,10,
2016/6/18,76,10,7,
2016/6/19,78,10,7,
2016/6/20,80,10,8,
2016/6/21,82,8,8,Fog-Rain-Thunderstorm
2016/6/22,78,10,8,
2016/6/23,76,9,7,Rain-Thunderstorm
2016/6/24,79,10,8,
2016/6/25,79,10,8,
2016/6/26,76,10,5,
2016/6/27,78,9,10,Rain
2016/6/28,78,9,7,Rain-Thunderstorm
2016/6/29,75,10,11,
2016/6/30,75,10,6,
