StartDate,Ridership,DayType
15-09-10,1,No
16-09-10,1,No
17-09-10,9,No
19-09-10,11,No
20-09-10,238,No
21-09-10,335,No
22-09-10,406,No
23-09-10,380,No
24-09-10,370,No
25-09-10,555,No
26-09-10,547,No
27-09-10,292,No
28-09-10,420,No
29-09-10,454,No
30-09-10,165,No
01-10-10,588,No
02-10-10,858,No
03-10-10,516,No
04-10-10,336,No
05-10-10,636,No
06-10-10,689,No
07-10-10,888,No
08-10-10,950,No
09-10-10,1131,No
10-10-10,1114,No
11-10-10,985,Yes
12-10-10,1096,No
13-10-10,1139,No
14-10-10,583,No
15-10-10,1155,No
16-10-10,1401,No
17-10-10,1354,No
18-10-10,1151,No
19-10-10,1159,No
20-10-10,1156,No
21-10-10,1349,No
22-10-10,1393,No
23-10-10,1726,No
24-10-10,1575,No
25-10-10,1352,No
26-10-10,1572,No
27-10-10,1047,No
28-10-10,1714,No
29-10-10,1681,No
30-10-10,2342,No
31-10-10,1977,No
01-11-10,1474,No
02-11-10,1422,No
03-11-10,1507,No
04-11-10,602,No
05-11-10,1880,No
06-11-10,1844,No
07-11-10,1442,No
08-11-10,1623,No
09-11-10,1964,No
10-11-10,2075,No
11-11-10,2087,Yes
12-11-10,2059,No
13-11-10,2300,No
14-11-10,2039,No
15-11-10,1756,No
16-11-10,783,No
17-11-10,1948,No
18-11-10,1881,No
19-11-10,1981,No
20-11-10,2385,No
21-11-10,1777,No
22-11-10,1927,No
23-11-10,1789,No
24-11-10,1513,No
25-11-10,569,Yes
26-11-10,792,No
27-11-10,952,No
28-11-10,958,No
29-11-10,1508,No
30-11-10,1277,No
01-12-10,991,No
02-12-10,1486,No
03-12-10,1609,No
04-12-10,1221,No
05-12-10,1019,No
06-12-10,1194,No
07-12-10,1096,No
08-12-10,1152,No
09-12-10,1296,No
10-12-10,1307,No
11-12-10,1154,No
12-12-10,428,No
13-12-10,1051,No
14-12-10,859,No
15-12-10,1062,No
16-12-10,678,No
17-12-10,873,No
18-12-10,846,No
19-12-10,814,No
20-12-10,1046,No
21-12-10,1061,No
22-12-10,1112,No
23-12-10,747,No
24-12-10,352,Yes
25-12-10,191,No
26-12-10,92,No
27-12-10,308,No
28-12-10,705,No
29-12-10,946,No
30-12-10,1121,No
31-12-10,948,Yes
01-01-11,1968,No
02-01-11,1600,No
03-01-11,2694,No
04-01-11,3122,No
05-01-11,3194,No
06-01-11,3206,No
07-01-11,3012,No
08-01-11,1918,No
09-01-11,1642,No
10-01-11,2638,No
11-01-11,2520,No
12-01-11,2318,No
13-01-11,2798,No
14-01-11,2836,No
15-01-11,2496,No
16-01-11,2408,No
17-01-11,2000,Yes
18-01-11,1360,No
19-01-11,3298,No
20-01-11,3830,No
21-01-11,3074,No
22-01-11,1962,No
23-01-11,1972,No
24-01-11,2828,No
25-01-11,3964,No
26-01-11,1006,No
27-01-11,860,No
28-01-11,2330,No
29-01-11,2194,No
30-01-11,2186,No
31-01-11,2998,No
01-02-11,2720,No
02-02-11,3048,No
03-02-11,3090,No
04-02-11,3410,No
05-02-11,2010,No
06-02-11,3240,No
07-02-11,3408,No
08-02-11,3048,No
09-02-11,3194,No
10-02-11,3068,No
11-02-11,3478,No
12-02-11,2942,No
13-02-11,3176,No
14-02-11,3810,No
15-02-11,3616,No
16-02-11,4216,No
17-02-11,4938,No
18-02-11,5840,No
19-02-11,3268,No
20-02-11,3624,No
21-02-11,2210,Yes
22-02-11,2882,No
23-02-11,3816,No
24-02-11,3602,No
25-02-11,2908,No
26-02-11,3936,No
27-02-11,4802,No
28-02-11,2878,No
01-03-11,3686,No
02-03-11,4254,No
03-03-11,3354,No
04-03-11,3872,No
05-03-11,4146,No
06-03-11,1208,No
07-03-11,3734,No
08-03-11,4246,No
09-03-11,3762,No
10-03-11,1240,No
11-03-11,3942,No
12-03-11,4264,No
13-03-11,4826,No
14-03-11,4086,No
15-03-11,4092,No
16-03-11,4374,No
17-03-11,5472,No
18-03-11,6454,No
19-03-11,6222,No
20-03-11,4936,No
21-03-11,4146,No
22-03-11,5388,No
23-03-11,4234,No
24-03-11,3718,No
25-03-11,4398,No
26-03-11,4990,No
27-03-11,3382,No
28-03-11,4040,No
29-03-11,4840,No
30-03-11,3056,No
31-03-11,3348,No
01-04-11,4432,No
02-04-11,4504,No
03-04-11,6496,No
04-04-11,6214,No
05-04-11,3572,No
06-04-11,5594,No
07-04-11,6266,No
08-04-11,2934,No
09-04-11,4908,No
10-04-11,5784,No
11-04-11,6680,No
12-04-11,4050,No
13-04-11,4300,No
14-04-11,6502,No
15-04-11,6230,Yes
16-04-11,1590,No
17-04-11,7482,No
18-04-11,6834,No
19-04-11,6384,No
20-04-11,7866,No
21-04-11,8358,No
22-04-11,3352,No
23-04-11,8070,No
24-04-11,8376,No
25-04-11,8124,No
26-04-11,8754,No
27-04-11,7718,No
28-04-11,8088,No
29-04-11,9178,No
30-04-11,10624,No
01-05-11,6696,No
02-05-11,8770,No
03-05-11,8874,No
04-05-11,5248,No
05-05-11,8844,No
06-05-11,9186,No
07-05-11,9420,No
08-05-11,8664,No
09-05-11,8670,No
10-05-11,9562,No
11-05-11,8344,No
12-05-11,9710,No
13-05-11,8192,No
14-05-11,6804,No
15-05-11,9104,No
16-05-11,7900,No
17-05-11,8226,No
18-05-11,7686,No
19-05-11,9122,No
20-05-11,9812,No
21-05-11,11606,No
22-05-11,9308,No
23-05-11,8538,No
24-05-11,8974,No
25-05-11,9932,No
26-05-11,9328,No
27-05-11,9340,No
28-05-11,9512,No
29-05-11,9570,No
30-05-11,8184,Yes
31-05-11,7948,No
01-06-11,7930,No
02-06-11,9924,No
03-06-11,10596,No
04-06-11,10678,No
05-06-11,9804,No
06-06-11,9076,No
07-06-11,9640,No
08-06-11,8780,No
09-06-11,7822,No
10-06-11,9156,No
11-06-11,9928,No
12-06-11,8916,No
13-06-11,10024,No
14-06-11,9758,No
15-06-11,10334,No
16-06-11,7516,No
17-06-11,9664,No
18-06-11,10230,No
19-06-11,9484,No
20-06-11,8010,No
21-06-11,9644,No
22-06-11,8988,No
23-06-11,9564,No
24-06-11,9964,No
25-06-11,10398,No
26-06-11,10598,No
27-06-11,9396,No
28-06-11,9270,No
29-06-11,10434,No
30-06-11,11006,No
01-07-11,10702,No
02-07-11,10228,No
03-07-11,9296,No
04-07-11,12070,Yes
05-07-11,9304,No
06-07-11,9238,No
07-07-11,9156,No
08-07-11,8062,No
09-07-11,10660,No
10-07-11,9756,No
11-07-11,8156,No
12-07-11,8494,No
13-07-11,8666,No
14-07-11,10142,No
15-07-11,11056,No
16-07-11,11842,No
17-07-11,10594,No
18-07-11,8890,No
19-07-11,9066,No
20-07-11,8646,No
21-07-11,7548,No
22-07-11,6760,No
23-07-11,6564,No
24-07-11,7210,No
25-07-11,7668,No
26-07-11,9154,No
27-07-11,9288,No
28-07-11,8758,No
29-07-11,7688,No
30-07-11,8948,No
31-07-11,8600,No
01-08-11,8510,No
02-08-11,9670,No
03-08-11,7140,No
04-08-11,9138,No
05-08-11,9716,No
06-08-11,8584,No
07-08-11,7562,No
08-08-11,8630,No
09-08-11,9176,No
10-08-11,9534,No
11-08-11,9560,No
12-08-11,9788,No
13-08-11,8282,No
14-08-11,7638,No
15-08-11,8674,No
16-08-11,9430,No
17-08-11,9362,No
18-08-11,7594,No
19-08-11,8290,No
20-08-11,10380,No
21-08-11,7742,No
22-08-11,9508,No
23-08-11,11762,No
24-08-11,10228,No
25-08-11,7066,No
26-08-11,9310,No
27-08-11,2230,No
28-08-11,8662,No
29-08-11,9246,No
30-08-11,10388,No
31-08-11,10094,No
01-09-11,10200,No
02-09-11,9436,No
03-09-11,8960,No
04-09-11,9878,No
05-09-11,6702,Yes
06-09-11,5396,No
07-09-11,3974,No
08-09-11,3660,No
09-09-11,7068,No
10-09-11,10680,No
11-09-11,10076,No
12-09-11,9402,No
13-09-11,9492,No
14-09-11,9552,No
15-09-11,7292,No
16-09-11,9484,No
17-09-11,9018,No
18-09-11,8548,No
19-09-11,9052,No
20-09-11,7266,No
21-09-11,8686,No
22-09-11,9566,No
23-09-11,4772,No
24-09-11,10832,No
25-09-11,10016,No
26-09-11,9240,No
27-09-11,8214,No
28-09-11,7804,No
29-09-11,9672,No
30-09-11,10378,No
01-10-11,4848,No
02-10-11,5836,No
03-10-11,7122,No
04-10-11,8886,No
05-10-11,9630,No
06-10-11,9502,No
07-10-11,9942,No
08-10-11,10816,No
09-10-11,11018,No
10-10-11,10220,Yes
11-10-11,9100,No
12-10-11,4814,No
13-10-11,5806,No
14-10-11,7268,No
15-10-11,10428,No
16-10-11,10078,No
17-10-11,9130,No
18-10-11,9472,No
19-10-11,4834,No
20-10-11,8372,No
21-10-11,8592,No
22-10-11,8612,No
23-10-11,8758,No
24-10-11,8354,No
25-10-11,9352,No
26-10-11,7772,No
27-10-11,5304,No
28-10-11,7488,No
29-10-11,1254,No
30-10-11,6654,No
31-10-11,7322,No
01-11-11,8122,No
02-11-11,8352,No
03-11-11,7922,No
04-11-11,8078,No
05-11-11,7840,No
06-11-11,7296,No
07-11-11,8016,No
08-11-11,8394,No
09-11-11,8214,No
10-11-11,5852,No
11-11-11,6720,Yes
12-11-11,8130,No
13-11-11,7426,No
14-11-11,8938,No
15-11-11,8368,No
16-11-11,3626,No
17-11-11,6088,No
18-11-11,6772,No
19-11-11,7312,No
20-11-11,7028,No
21-11-11,5524,No
22-11-11,3202,No
23-11-11,5126,No
24-11-11,2988,Yes
25-11-11,5576,No
26-11-11,6132,No
27-11-11,6130,No
28-11-11,7706,No
29-11-11,5810,No
30-11-11,7210,No
01-12-11,7424,No
02-12-11,7858,No
03-12-11,7222,No
04-12-11,6966,No
05-12-11,7600,No
06-12-11,5172,No
07-12-11,1404,No
08-12-11,6626,No
09-12-11,7220,No
10-12-11,6368,No
11-12-11,5480,No
12-12-11,6584,No
13-12-11,7020,No
14-12-11,7450,No
15-12-11,7396,No
16-12-11,7112,No
17-12-11,5468,No
18-12-11,4850,No
19-12-11,6790,No
20-12-11,7482,No
21-12-11,5308,No
22-12-11,6120,No
23-12-11,4404,No
24-12-11,2020,No
25-12-11,1508,No
26-12-11,2632,Yes
27-12-11,2314,No
28-12-11,4594,No
29-12-11,4832,No
30-12-11,5982,No
31-12-11,4968,No
01-01-12,2294,No
02-01-12,1950,Yes
03-01-12,2233,No
04-01-12,2367,No
05-01-12,3269,No
06-01-12,4091,No
07-01-12,4520,No
08-01-12,3424,No
09-01-12,2370,No
10-01-12,3592,No
11-01-12,2174,No
12-01-12,4091,No
13-01-12,3207,No
14-01-12,2491,No
15-01-12,2306,No
16-01-12,2295,Yes
17-01-12,2931,No
18-01-12,3370,No
19-01-12,3285,No
20-01-12,3156,No
21-01-12,1300,No
22-01-12,1975,No
23-01-12,2429,No
24-01-12,4327,No
25-01-12,4259,No
26-01-12,4060,No
27-01-12,3449,No
28-01-12,4019,No
29-01-12,3240,No
30-01-12,3615,No
31-01-12,4501,No
01-02-12,4574,No
02-02-12,3754,No
03-02-12,4146,No
04-02-12,2831,No
05-02-12,2944,No
06-02-12,3779,No
07-02-12,4363,No
08-02-12,2794,No
09-02-12,3824,No
10-02-12,3822,No
11-02-12,2168,No
12-02-12,1529,No
13-02-12,3419,No
14-02-12,3909,No
15-02-12,4160,No
16-02-12,3000,No
17-02-12,4145,No
18-02-12,4316,No
19-02-12,2689,No
20-02-12,3127,Yes
21-02-12,3771,No
22-02-12,4767,No
23-02-12,5048,No
24-02-12,3480,No
25-02-12,2732,No
26-02-12,3389,No
27-02-12,4317,No
28-02-12,4353,No
29-02-12,1829,No
01-03-12,4978,No
02-03-12,3190,No
03-03-12,4061,No
04-03-12,3418,No
05-03-12,3331,No
06-03-12,3946,No
07-03-12,4907,No
08-03-12,5374,No
09-03-12,4561,No
10-03-12,4116,No
11-03-12,4906,No
12-03-12,5290,No
13-03-12,5833,No
14-03-12,6305,No
15-03-12,6183,No
16-03-12,4368,No
17-03-12,7832,No
18-03-12,5890,No
19-03-12,6146,No
20-03-12,6088,No
21-03-12,6221,No
22-03-12,6859,No
23-03-12,8351,No
24-03-12,3367,No
25-03-12,4993,No
26-03-12,5549,No
27-03-12,5093,No
28-03-12,5692,No
29-03-12,6126,No
30-03-12,5447,No
31-03-12,6233,No
01-04-12,6038,No
02-04-12,5920,No
03-04-12,6757,No
04-04-12,6419,No
05-04-12,6441,No
06-04-12,6453,No
07-04-12,6855,No
08-04-12,5168,No
09-04-12,5576,No
10-04-12,5907,No
11-04-12,4849,No
12-04-12,5396,No
13-04-12,6389,No
14-04-12,7458,No
15-04-12,7124,No
16-04-12,6361,Yes
17-04-12,6671,No
18-04-12,4360,No
19-04-12,6547,No
20-04-12,7273,No
21-04-12,6621,No
22-04-12,1023,No
23-04-12,3204,No
24-04-12,5621,No
25-04-12,6187,No
26-04-12,5020,No
27-04-12,6225,No
28-04-12,4220,No
29-04-12,6302,No
30-04-12,5569,No
01-05-12,5733,No
02-05-12,6158,No
03-05-12,6415,No
04-05-12,6288,No
05-05-12,6883,No
06-05-12,6355,No
07-05-12,6267,No
08-05-12,5719,No
09-05-12,4710,No
10-05-12,6563,No
11-05-12,7019,No
12-05-12,7427,No
13-05-12,6116,No
14-05-12,2842,No
15-05-12,5109,No
16-05-12,7412,No
17-05-12,7371,No
18-05-12,7631,No
19-05-12,8292,No
20-05-12,7124,No
21-05-12,4355,No
22-05-12,6060,No
23-05-12,5249,No
24-05-12,6759,No
25-05-12,6720,No
26-05-12,6533,No
27-05-12,6588,No
28-05-12,6038,Yes
29-05-12,5733,No
30-05-12,6840,No
31-05-12,7328,No
01-06-12,4118,No
02-06-12,8118,No
03-06-12,7641,No
04-06-12,6994,No
05-06-12,6997,No
06-06-12,7048,No
07-06-12,7489,No
08-06-12,7730,No
09-06-12,7496,No
10-06-12,6595,No
11-06-12,6655,No
12-06-12,4961,No
13-06-12,7416,No
14-06-12,7359,No
15-06-12,7656,No
16-06-12,7698,No
17-06-12,6968,No
18-06-12,5092,No
19-06-12,6812,No
20-06-12,6196,No
21-06-12,5891,No
22-06-12,5810,No
23-06-12,7452,No
24-06-12,6889,No
25-06-12,6769,No
26-06-12,7425,No
27-06-12,7323,No
28-06-12,6868,No
29-06-12,5455,No
30-06-12,5679,No
01-07-12,5531,No
02-07-12,6227,No
03-07-12,6660,No
04-07-12,7403,Yes
05-07-12,6241,No
06-07-12,6207,No
07-07-12,4840,No
08-07-12,4672,No
09-07-12,6569,No
10-07-12,6290,No
11-07-12,7264,No
12-07-12,7446,No
13-07-12,7499,No
14-07-12,6969,No
15-07-12,6031,No
16-07-12,6830,No
17-07-12,6786,No
18-07-12,5713,No
19-07-12,6591,No
20-07-12,5870,No
21-07-12,4459,No
22-07-12,7410,No
23-07-12,6966,No
24-07-12,7592,No
25-07-12,8173,No
26-07-12,6861,No
27-07-12,6904,No
28-07-12,6685,No
29-07-12,6597,No
30-07-12,7105,No
31-07-12,7216,No
01-08-12,7580,No
02-08-12,7261,No
03-08-12,7175,No
04-08-12,6824,No
05-08-12,5464,No
06-08-12,7013,No
07-08-12,7273,No
08-08-12,7534,No
09-08-12,7286,No
10-08-12,5786,No
11-08-12,6299,No
12-08-12,6544,No
13-08-12,6883,No
14-08-12,6784,No
15-08-12,7347,No
16-08-12,7605,No
17-08-12,7148,No
18-08-12,7865,No
19-08-12,4549,No
20-08-12,6530,No
21-08-12,7006,No
22-08-12,7375,No
23-08-12,7765,No
24-08-12,7582,No
25-08-12,6053,No
26-08-12,5255,No
27-08-12,6917,No
28-08-12,7040,No
29-08-12,7697,No
30-08-12,7713,No
31-08-12,7350,No
01-09-12,6140,No
02-09-12,5810,No
03-09-12,6034,Yes
04-09-12,6864,No
05-09-12,7112,No
06-09-12,6203,No
07-09-12,7503,No
08-09-12,5976,No
09-09-12,8227,No
10-09-12,7525,No
11-09-12,7767,No
12-09-12,7870,No
13-09-12,7804,No
14-09-12,8009,No
15-09-12,8714,No
16-09-12,7333,No
17-09-12,6869,No
18-09-12,4073,No
19-09-12,7591,No
20-09-12,7720,No
21-09-12,8167,No
22-09-12,8395,No
23-09-12,7907,No
24-09-12,7436,No
25-09-12,7538,No
26-09-12,7733,No
27-09-12,7393,No
28-09-12,7415,No
29-09-12,8555,No
30-09-12,6889,No
01-10-12,6778,No
02-10-12,4639,No
03-10-12,7572,No
04-10-12,7328,No
05-10-12,8156,No
06-10-12,7965,No
07-10-12,3510,No
08-10-12,5478,Yes
09-10-12,6392,No
10-10-12,7691,No
11-10-12,7570,No
12-10-12,7281,No
13-10-12,7109,No
14-10-12,6639,No
15-10-12,5875,No
16-10-12,7534,No
17-10-12,7461,No
18-10-12,7509,No
19-10-12,5424,No
20-10-12,8090,No
21-10-12,6824,No
22-10-12,7058,No
23-10-12,7466,No
24-10-12,7693,No
25-10-12,7359,No
26-10-12,7444,No
27-10-12,7852,No
28-10-12,4459,No
29-10-12,22,No
30-10-12,1096,No
31-10-12,5566,No
01-11-12,5986,No
02-11-12,5847,No
03-11-12,5138,No
04-11-12,5107,No
05-11-12,5259,No
06-11-12,5686,No
07-11-12,5035,No
08-11-12,5315,No
09-11-12,5992,No
10-11-12,6536,No
11-11-12,6852,No
12-11-12,6269,Yes
13-11-12,4094,No
14-11-12,5495,No
15-11-12,5445,No
16-11-12,5698,No
17-11-12,5629,No
18-11-12,4669,No
19-11-12,5499,No
20-11-12,5634,No
21-11-12,5146,No
22-11-12,2425,Yes
23-11-12,3910,No
24-11-12,2277,No
25-11-12,2424,No
26-11-12,5087,No
27-11-12,3959,No
28-11-12,5260,No
29-11-12,5323,No
30-11-12,5668,No
01-12-12,5191,No
02-12-12,4649,No
03-12-12,6234,No
04-12-12,6606,No
05-12-12,5729,No
06-12-12,5375,No
07-12-12,5008,No
08-12-12,5582,No
09-12-12,3228,No
10-12-12,5170,No
11-12-12,5501,No
12-12-12,5319,No
13-12-12,5532,No
14-12-12,5611,No
15-12-12,5047,No
16-12-12,3786,No
17-12-12,4585,No
18-12-12,5557,No
19-12-12,5267,No
20-12-12,4128,No
21-12-12,3623,No
22-12-12,1749,No
23-12-12,1787,No
24-12-12,920,No
25-12-12,1013,Yes
26-12-12,441,No
27-12-12,2114,No
28-12-12,3095,No
29-12-12,1341,No
30-12-12,1796,No
31-12-12,2729,No
01-01-13,1985,Yes
02-01-13,3703,No
03-01-13,3873,No
04-01-13,4118,No
05-01-13,3562,No
06-01-13,3790,No
07-01-13,4774,No
08-01-13,5311,No
09-01-13,5147,No
10-01-13,5415,No
11-01-13,4150,No
12-01-13,5628,No
13-01-13,4145,No
14-01-13,5059,No
15-01-13,2923,No
16-01-13,3511,No
17-01-13,4817,No
18-01-13,4512,No
19-01-13,4974,No
20-01-13,5768,No
21-01-13,4574,Yes
22-01-13,2951,No
23-01-13,3220,No
24-01-13,2448,No
25-01-13,2375,No
26-01-13,2765,No
27-01-13,3032,No
28-01-13,2733,No
29-01-13,5834,No
30-01-13,4687,No
31-01-13,4358,No
01-02-13,3201,No
02-02-13,2473,No
03-02-13,2586,No
04-02-13,3946,No
05-02-13,4613,No
06-02-13,4915,No
07-02-13,4488,No
08-02-13,3390,No
09-02-13,3466,No
10-02-13,3613,No
11-02-13,4268,No
12-02-13,5680,No
13-02-13,3556,No
14-02-13,5170,No
15-02-13,5358,No
16-02-13,3239,No
17-02-13,2508,No
18-02-13,3361,Yes
19-02-13,3960,No
20-02-13,4383,No
21-02-13,4147,No
22-02-13,3562,No
23-02-13,2575,No
24-02-13,4378,No
25-02-13,5002,No
26-02-13,2784,No
27-02-13,5440,No
28-02-13,5128,No
01-03-13,4941,No
02-03-13,3741,No
03-03-13,3095,No
04-03-13,4454,No
05-03-13,5217,No
06-03-13,1136,No
07-03-13,5043,No
08-03-13,4870,No
09-03-13,6835,No
10-03-13,6829,No
11-03-13,6087,No
12-03-13,4289,No
13-03-13,5742,No
14-03-13,4881,No
15-03-13,6384,No
16-03-13,6247,No
17-03-13,3984,No
18-03-13,2768,No
19-03-13,6001,No
20-03-13,5887,No
21-03-13,4541,No
22-03-13,5452,No
23-03-13,6542,No
24-03-13,3888,No
25-03-13,1933,No
26-03-13,5627,No
27-03-13,5856,No
28-03-13,5640,No
29-03-13,7443,No
30-03-13,9664,No
31-03-13,3821,No
01-04-13,6420,No
02-04-13,5946,No
03-04-13,6287,No
04-04-13,5872,No
05-04-13,7679,No
06-04-13,9346,No
07-04-13,9830,No
08-04-13,8550,No
09-04-13,9838,No
10-04-13,9639,No
11-04-13,9166,No
12-04-13,6064,No
13-04-13,11369,Yes
14-04-13,9695,No
15-04-13,6979,No
16-04-13,8315,No
17-04-13,8563,No
18-04-13,7761,No
19-04-13,6178,No
20-04-13,8882,No
21-04-13,7401,No
22-04-13,6794,No
23-04-13,7509,No
24-04-13,8552,No
25-04-13,8332,No
26-04-13,9074,No
27-04-13,10904,No
28-04-13,7921,No
29-04-13,4333,No
30-04-13,5405,No
01-05-13,8691,No
02-05-13,8592,No
03-05-13,8741,No
04-05-13,9586,No
05-05-13,8080,No
06-05-13,6565,No
07-05-13,4462,No
08-05-13,6669,No
09-05-13,7870,No
10-05-13,8957,No
11-05-13,6531,No
12-05-13,8103,No
13-05-13,7441,No
14-05-13,8122,No
15-05-13,8826,No
16-05-13,8971,No
17-05-13,10155,No
18-05-13,6405,No
19-05-13,6734,No
20-05-13,8454,No
21-05-13,9103,No
22-05-13,8987,No
23-05-13,8136,No
24-05-13,6698,No
25-05-13,8039,No
26-05-13,9960,No
27-05-13,9067,Yes
28-05-13,7605,No
29-05-13,9357,No
30-05-13,8825,No
31-05-13,9190,No
01-06-13,9568,No
02-06-13,7746,No
03-06-13,7475,No
04-06-13,10032,No
05-06-13,10075,No
06-06-13,6925,No
07-06-13,2509,No
08-06-13,9863,No
09-06-13,9341,No
10-06-13,4429,No
11-06-13,9271,No
12-06-13,9269,No
13-06-13,7340,No
14-06-13,9900,No
15-06-13,10546,No
16-06-13,8816,No
17-06-13,8703,No
18-06-13,7208,No
19-06-13,10136,No
20-06-13,10267,No
21-06-13,10422,No
22-06-13,10913,No
23-06-13,7276,No
24-06-13,8134,No
25-06-13,9276,No
26-06-13,8611,No
27-06-13,8889,No
28-06-13,6377,No
29-06-13,10620,No
30-06-13,7181,No
01-07-13,7944,No
02-07-13,7953,No
03-07-13,7818,No
04-07-13,10832,Yes
05-07-13,10652,No
06-07-13,8981,No
07-07-13,6949,No
08-07-13,8172,No
09-07-13,8848,No
10-07-13,8209,No
11-07-13,8942,No
12-07-13,5792,No
13-07-13,9372,No
14-07-13,8497,No
15-07-13,8108,No
16-07-13,8515,No
17-07-13,8720,No
18-07-13,7902,No
19-07-13,8087,No
20-07-13,8706,No
21-07-13,8538,No
22-07-13,8796,No
23-07-13,9335,No
24-07-13,9856,No
25-07-13,10228,No
26-07-13,10370,No
27-07-13,8474,No
28-07-13,8242,No
29-07-13,9328,No
30-07-13,9980,No
31-07-13,8773,No
01-08-13,7844,No
02-08-13,9940,No
03-08-13,8532,No
04-08-13,10511,No
05-08-13,10162,No
06-08-13,8469,No
07-08-13,9827,No
08-08-13,8972,No
09-08-13,9545,No
10-08-13,10162,No
11-08-13,9596,No
12-08-13,9613,No
13-08-13,8395,No
14-08-13,10497,No
15-08-13,10800,No
16-08-13,10889,No
17-08-13,11168,No
18-08-13,5835,No
19-08-13,9066,No
20-08-13,9692,No
21-08-13,9241,No
22-08-13,9650,No
23-08-13,7699,No
24-08-13,10990,No
25-08-13,9584,No
26-08-13,9385,No
27-08-13,9622,No
28-08-13,7735,No
29-08-13,9435,No
30-08-13,9748,No
31-08-13,9479,No
01-09-13,9300,No
02-09-13,8122,Yes
03-09-13,8944,No
04-09-13,9826,No
05-09-13,10007,No
06-09-13,10258,No
07-09-13,10236,No
08-09-13,9516,No
09-09-13,9141,No
10-09-13,9570,No
11-09-13,9267,No
12-09-13,7079,No
13-09-13,10056,No
14-09-13,11269,No
15-09-13,9855,No
16-09-13,8359,No
17-09-13,9968,No
18-09-13,10059,No
19-09-13,10461,No
20-09-13,10676,No
21-09-13,6919,No
22-09-13,9442,No
23-09-13,9067,No
24-09-13,9606,No
25-09-13,9615,No
26-09-13,9893,No
27-09-13,9989,No
28-09-13,10190,No
29-09-13,9365,No
30-09-13,9132,No
01-10-13,10358,No
02-10-13,10385,No
03-10-13,10157,No
04-10-13,10263,No
05-10-13,10586,No
06-10-13,9776,No
07-10-13,5880,No
08-10-13,9944,No
09-10-13,6438,No
10-10-13,2532,No
11-10-13,1800,No
12-10-13,5261,No
13-10-13,6027,No
14-10-13,8940,Yes
15-10-13,9381,No
16-10-13,9729,No
17-10-13,9548,No
18-10-13,10373,No
19-10-13,9415,No
20-10-13,8594,No
21-10-13,9056,No
22-10-13,9074,No
23-10-13,7970,No
24-10-13,7897,No
25-10-13,7953,No
26-10-13,7983,No
27-10-13,8022,No
28-10-13,8603,No
29-10-13,9134,No
30-10-13,8144,No
31-10-13,8429,No
01-11-13,8180,No
02-11-13,9490,No
03-11-13,7735,No
04-11-13,6954,No
05-11-13,8223,No
06-11-13,8877,No
07-11-13,8065,No
08-11-13,7588,No
09-11-13,7618,No
10-11-13,7260,No
11-11-13,7264,Yes
12-11-13,6162,No
13-11-13,6544,No
14-11-13,7359,No
15-11-13,7754,No
16-11-13,6891,No
17-11-13,7025,No
18-11-13,8350,No
19-11-13,7522,No
20-11-13,7409,No
21-11-13,7588,No
22-11-13,8230,No
23-11-13,6180,No
24-11-13,3227,No
25-11-13,5360,No
26-11-13,1901,No
27-11-13,2264,No
28-11-13,1603,Yes
29-11-13,2956,No
30-11-13,3042,No
01-12-13,3727,No
02-12-13,6385,No
03-12-13,7523,No
04-12-13,7674,No
05-12-13,8243,No
06-12-13,2976,No
07-12-13,4931,No
08-12-13,1376,No
09-12-13,3473,No
10-12-13,2724,No
11-12-13,5530,No
12-12-13,5133,No
13-12-13,5686,No
14-12-13,2828,No
15-12-13,4354,No
16-12-13,5669,No
17-12-13,5407,No
18-12-13,5840,No
19-12-13,6716,No
20-12-13,6575,No
21-12-13,6495,No
22-12-13,2849,No
23-12-13,2031,No
24-12-13,2369,No
25-12-13,1012,Yes
26-12-13,2469,No
27-12-13,3619,No
28-12-13,4450,No
29-12-13,1460,No
30-12-13,4400,No
31-12-13,4166,No
01-01-14,3041,Yes
02-01-14,3356,No
03-01-14,1634,No
04-01-14,2281,No
05-01-14,2080,No
06-01-14,3553,No
07-01-14,2330,No
08-01-14,3976,No
09-01-14,4992,No
10-01-14,1861,No
11-01-14,1984,No
12-01-14,5467,No
13-01-14,6919,No
14-01-14,5126,No
15-01-14,6510,No
16-01-14,6067,No
17-01-14,6185,No
18-01-14,3352,No
19-01-14,4145,No
20-01-14,5368,Yes
21-01-14,1766,No
22-01-14,1463,No
23-01-14,2450,No
24-01-14,2651,No
25-01-14,2293,No
26-01-14,2588,No
27-01-14,4535,No
28-01-14,3160,No
29-01-14,3185,No
30-01-14,4209,No
31-01-14,5479,No
01-02-14,5409,No
02-02-14,5471,No
03-02-14,2493,No
04-02-14,5226,No
05-02-14,3800,No
06-02-14,5243,No
07-02-14,5447,No
08-02-14,4079,No
09-02-14,3146,No
10-02-14,4482,No
11-02-14,4783,No
12-02-14,3987,No
13-02-14,56,No
14-02-14,1949,No
15-02-14,1781,No
16-02-14,2876,No
17-02-14,3349,Yes
18-02-14,5154,No
19-02-14,5682,No
20-02-14,6631,No
21-02-14,5844,No
22-02-14,7896,No
23-02-14,6152,No
24-02-14,5459,No
25-02-14,4595,No
26-02-14,3958,No
27-02-14,4940,No
28-02-14,4143,No
01-03-14,4604,No
02-03-14,3531,No
03-03-14,429,No
04-03-14,2279,No
05-03-14,4554,No
06-03-14,4875,No
07-03-14,5114,No
08-03-14,8494,No
09-03-14,5979,No
10-03-14,6831,No
11-03-14,8446,No
12-03-14,6288,No
13-03-14,4022,No
14-03-14,7035,No
15-03-14,10471,No
16-03-14,4871,No
17-03-14,1296,No
18-03-14,4707,No
19-03-14,3791,No
20-03-14,7602,No
21-03-14,7757,No
22-03-14,10969,No
23-03-14,5364,No
24-03-14,5435,No
25-03-14,3119,No
26-03-14,4980,No
27-03-14,6512,No
28-03-14,6741,No
29-03-14,2298,No
30-03-14,906,No
31-03-14,8268,No
01-04-14,9476,No
02-04-14,8987,No
03-04-14,9188,No
04-04-14,8972,No
05-04-14,10841,No
06-04-14,9932,No
07-04-14,2842,No
08-04-14,8957,No
09-04-14,9993,No
10-04-14,11355,No
11-04-14,11539,No
12-04-14,15755,No
13-04-14,14578,No
14-04-14,10724,Yes
15-04-14,1842,No
16-04-14,7851,No
17-04-14,8713,No
18-04-14,9428,No
19-04-14,12024,No
20-04-14,9627,No
21-04-14,9750,No
22-04-14,9205,No
23-04-14,9029,No
24-04-14,9985,No
25-04-14,7658,No
26-04-14,11627,No
27-04-14,11161,No
28-04-14,6487,No
29-04-14,3148,No
30-04-14,1816,No
01-05-14,9690,No
02-05-14,10449,No
03-05-14,11302,No
04-05-14,10642,No
05-05-14,8169,No
06-05-14,10530,No
07-05-14,8649,No
08-05-14,10523,No
09-05-14,10539,No
10-05-14,8329,No
11-05-14,11092,No
12-05-14,9516,No
13-05-14,10046,No
14-05-14,9815,No
15-05-14,9487,No
16-05-14,8117,No
17-05-14,11334,No
18-05-14,10328,No
19-05-14,10534,No
20-05-14,10956,No
21-05-14,8601,No
22-05-14,10450,No
23-05-14,10532,No
24-05-14,10644,No
25-05-14,12206,No
26-05-14,10809,Yes
27-05-14,8327,No
28-05-14,10030,No
29-05-14,5366,No
30-05-14,10930,No
31-05-14,12209,No
01-06-14,11075,No
02-06-14,10466,No
03-06-14,10519,No
04-06-14,10275,No
05-06-14,10854,No
06-06-14,11956,No
07-06-14,12002,No
08-06-14,10740,No
09-06-14,10623,No
10-06-14,9619,No
11-06-14,8734,No
12-06-14,9314,No
13-06-14,9590,No
14-06-14,12046,No
15-06-14,11187,No
16-06-14,10624,No
17-06-14,10623,No
18-06-14,10106,No
19-06-14,10570,No
20-06-14,11780,No
21-06-14,9939,No
22-06-14,10948,No
23-06-14,10984,No
24-06-14,11301,No
25-06-14,10311,No
26-06-14,11087,No
27-06-14,10749,No
28-06-14,10974,No
29-06-14,10934,No
30-06-14,10593,No
01-07-14,10600,No
02-07-14,9699,No
03-07-14,8696,No
04-07-14,12024,Yes
05-07-14,12927,No
06-07-14,11033,No
07-07-14,10165,No
08-07-14,8629,No
09-07-14,8900,No
10-07-14,8800,No
11-07-14,11346,No
12-07-14,11611,No
13-07-14,9434,No
14-07-14,8610,No
15-07-14,7929,No
16-07-14,11425,No
17-07-14,11709,No
18-07-14,11784,No
19-07-14,11898,No
20-07-14,10933,No
21-07-14,11127,No
22-07-14,11307,No
23-07-14,10315,No
24-07-14,10803,No
25-07-14,12421,No
26-07-14,12118,No
27-07-14,10089,No
28-07-14,10774,No
29-07-14,11444,No
30-07-14,11501,No
31-07-14,11106,No
01-08-14,9974,No
02-08-14,10919,No
03-08-14,9919,No
04-08-14,10999,No
05-08-14,10828,No
06-08-14,11109,No
07-08-14,11175,No
08-08-14,11371,No
09-08-14,10457,No
10-08-14,10782,No
11-08-14,9687,No
12-08-14,6030,No
13-08-14,11019,No
14-08-14,11131,No
15-08-14,12048,No
16-08-14,12360,No
17-08-14,10681,No
18-08-14,10842,No
19-08-14,10646,No
20-08-14,9256,No
21-08-14,9850,No
22-08-14,10354,No
23-08-14,6513,No
24-08-14,10933,No
25-08-14,10860,No
26-08-14,10988,No
27-08-14,11248,No
28-08-14,11171,No
29-08-14,11733,No
30-08-14,10309,No
31-08-14,9026,No
01-09-14,8405,Yes
02-09-14,8717,No
03-09-14,10544,No
04-09-14,10929,No
05-09-14,11109,No
06-09-14,9436,No
07-09-14,11365,No
08-09-14,10493,No
09-09-14,11090,No
10-09-14,11371,No
11-09-14,11108,No
12-09-14,12283,No
13-09-14,8302,No
14-09-14,12051,No
15-09-14,11477,No
16-09-14,12262,No
17-09-14,11764,No
18-09-14,11627,No
19-09-14,11972,No
20-09-14,12835,No
21-09-14,10868,No
22-09-14,11140,No
23-09-14,11730,No
24-09-14,9397,No
25-09-14,6717,No
26-09-14,12287,No
27-09-14,12781,No
28-09-14,11034,No
29-09-14,10739,No
30-09-14,11764,No
01-10-14,10657,No
02-10-14,11834,No
03-10-14,11047,No
04-10-14,10754,No
05-10-14,9763,No
06-10-14,10761,No
07-10-14,9581,No
08-10-14,11365,No
09-10-14,11356,No
10-10-14,8243,No
11-10-14,5774,No
12-10-14,9527,No
13-10-14,6695,Yes
14-10-14,11020,No
15-10-14,6157,No
16-10-14,10182,No
17-10-14,12074,No
18-10-14,10940,No
19-10-14,8221,No
20-10-14,9532,No
21-10-14,7565,No
22-10-14,4444,No
23-10-14,9848,No
24-10-14,10563,No
25-10-14,11335,No
26-10-14,10358,No
27-10-14,10622,No
28-10-14,11707,No
29-10-14,9506,No
30-10-14,10147,No
31-10-14,9666,No
01-11-14,6130,No
02-11-14,5698,No
03-11-14,8661,No
04-11-14,9921,No
05-11-14,9241,No
06-11-14,7390,No
07-11-14,8782,No
08-11-14,7652,No
09-11-14,7942,No
10-11-14,9408,No
11-11-14,10891,Yes
12-11-14,9629,No
13-11-14,7193,No
14-11-14,7077,No
15-11-14,6016,No
16-11-14,4783,No
17-11-14,4133,No
18-11-14,5571,No
19-11-14,6037,No
20-11-14,7297,No
21-11-14,6413,No
22-11-14,5627,No
23-11-14,5647,No
24-11-14,9270,No
25-11-14,8204,No
26-11-14,1447,No
27-11-14,1871,Yes
28-11-14,2647,No
29-11-14,3696,No
30-11-14,5024,No
01-12-14,6382,No
02-12-14,2682,No
03-12-14,6947,No
04-12-14,7391,No
05-12-14,6033,No
06-12-14,2704,No
07-12-14,5314,No
08-12-14,6072,No
09-12-14,3320,No
10-12-14,6749,No
11-12-14,6377,No
12-12-14,6833,No
13-12-14,5679,No
14-12-14,5311,No
15-12-14,7707,No
16-12-14,6008,No
17-12-14,7434,No
18-12-14,6370,No
19-12-14,5918,No
20-12-14,3889,No
21-12-14,3619,No
22-12-14,3001,No
23-12-14,3755,No
24-12-14,1224,No
25-12-14,1662,Yes
26-12-14,2948,No
27-12-14,4219,No
28-12-14,2888,No
29-12-14,5188,No
30-12-14,5343,No
31-12-14,4254,No
01-01-15,2611,Yes
02-01-15,5155,No
03-01-15,1718,No
04-01-15,3711,No
05-01-15,5262,No
06-01-15,2086,No
07-01-15,3063,No
08-01-15,2976,No
09-01-15,4237,No
10-01-15,2694,No
11-01-15,3486,No
12-01-15,2168,No
13-01-15,5520,No
14-01-15,4598,No
15-01-15,5812,No
16-01-15,5729,No
17-01-15,4265,No
18-01-15,2548,No
19-01-15,4687,Yes
20-01-15,6316,No
21-01-15,5402,No
22-01-15,6424,No
23-01-15,4774,No
24-01-15,3504,No
25-01-15,5210,No
26-01-15,2448,No
27-01-15,4102,No
28-01-15,5131,No
29-01-15,4679,No
30-01-15,4905,No
31-01-15,3371,No
01-02-15,3621,No
02-02-15,3911,No
03-02-15,5162,No
04-02-15,6138,No
05-02-15,5076,No
06-02-15,5006,No
07-02-15,5036,No
08-02-15,6829,No
09-02-15,5017,No
10-02-15,5768,No
11-02-15,6708,No
12-02-15,5509,No
13-02-15,4078,No
14-02-15,3004,No
15-02-15,1055,Yes
16-02-15,1335,No
17-02-15,1198,No
18-02-15,3183,No
19-02-15,2720,No
20-02-15,2517,No
21-02-15,758,No
22-02-15,2021,No
23-02-15,3655,No
24-02-15,3921,No
25-02-15,5016,No
26-02-15,3531,No
27-02-15,4699,No
28-02-15,3294,No
01-03-15,802,No
02-03-15,4118,No
03-03-15,3884,No
04-03-15,4187,No
05-03-15,560,No
06-03-15,1987,No
07-03-15,3271,No
08-03-15,5529,No
09-03-15,8175,No
10-03-15,4015,No
11-03-15,7909,No
12-03-15,9215,No
13-03-15,8084,No
14-03-15,3669,No
15-03-15,6668,No
16-03-15,9022,No
17-03-15,9246,No
18-03-15,7527,No
19-03-15,8202,No
20-03-15,2956,No
21-03-15,9436,No
22-03-15,8233,No
23-03-15,8134,No
24-03-15,7875,No
25-03-15,7553,No
26-03-15,8778,No
27-03-15,6141,No
28-03-15,4676,No
29-03-15,5861,No
30-03-15,9196,No
31-03-15,8198,No
01-04-15,9874,No
02-04-15,11273,No
03-04-15,6425,No
04-04-15,10433,No
05-04-15,10181,No
06-04-15,12638,No
07-04-15,11109,No
08-04-15,7437,No
09-04-15,7826,No
10-04-15,9393,No
11-04-15,16726,No
12-04-15,15724,No
13-04-15,12676,No
14-04-15,3824,No
15-04-15,11119,Yes
16-04-15,11687,No
17-04-15,12546,No
18-04-15,16004,No
19-04-15,10250,No
20-04-15,9066,No
21-04-15,11630,No
22-04-15,10540,No
23-04-15,10106,No
24-04-15,10370,No
25-04-15,7177,No
26-04-15,10327,No
27-04-15,8864,No
28-04-15,10995,No
29-04-15,11652,No
30-04-15,10255,No
01-05-15,10351,No
02-05-15,12570,No
03-05-15,12098,No
04-05-15,11987,No
05-05-15,11093,No
06-05-15,11483,No
07-05-15,12316,No
08-05-15,13427,No
09-05-15,12841,No
10-05-15,11089,No
11-05-15,12133,No
12-05-15,12056,No
13-05-15,11774,No
14-05-15,12615,No
15-05-15,13641,No
16-05-15,11196,No
17-05-15,10933,No
18-05-15,10442,No
19-05-15,12063,No
20-05-15,12981,No
21-05-15,6981,No
22-05-15,12522,No
23-05-15,12706,No
24-05-15,13564,No
25-05-15,11990,Yes
26-05-15,11351,No
27-05-15,11470,No
28-05-15,11625,No
29-05-15,12058,No
30-05-15,12657,No
31-05-15,10917,No
01-06-15,8101,No
02-06-15,8054,No
03-06-15,9879,No
04-06-15,6356,No
05-06-15,11075,No
06-06-15,12665,No
07-06-15,11661,No
08-06-15,9959,No
09-06-15,11764,No
10-06-15,11586,No
11-06-15,11844,No
12-06-15,10867,No
13-06-15,11754,No
14-06-15,9490,No
15-06-15,9975,No
16-06-15,11492,No
17-06-15,11173,No
18-06-15,9990,No
19-06-15,12019,No
20-06-15,9305,No
21-06-15,8775,No
22-06-15,11258,No
23-06-15,9184,No
24-06-15,12581,No
25-06-15,11119,No
26-06-15,13027,No
27-06-15,3301,No
28-06-15,11601,No
29-06-15,12191,No
30-06-15,11970,No
01-07-15,11223,No
02-07-15,11257,No
03-07-15,12791,Yes
04-07-15,10288,No
05-07-15,12199,No
06-07-15,10902,No
07-07-15,12223,No
08-07-15,9495,No
09-07-15,11045,No
10-07-15,13013,No
11-07-15,12420,No
12-07-15,11711,No
13-07-15,10224,No
14-07-15,11591,No
15-07-15,12088,No
16-07-15,13257,No
17-07-15,12627,No
18-07-15,11096,No
19-07-15,10148,No
20-07-15,10856,No
21-07-15,11811,No
22-07-15,12934,No
23-07-15,12992,No
24-07-15,13339,No
25-07-15,12902,No
26-07-15,11314,No
27-07-15,10919,No
28-07-15,11976,No
29-07-15,12170,No
30-07-15,10808,No
31-07-15,12396,No
01-08-15,12043,No
02-08-15,11447,No
03-08-15,12085,No
04-08-15,11626,No
05-08-15,12501,No
06-08-15,12617,No
07-08-15,12181,No
08-08-15,12970,No
09-08-15,11651,No
10-08-15,10494,No
11-08-15,11342,No
12-08-15,12485,No
13-08-15,12435,No
14-08-15,12549,No
15-08-15,12082,No
16-08-15,10192,No
17-08-15,10971,No
18-08-15,11595,No
19-08-15,11966,No
20-08-15,10192,No
21-08-15,12902,No
22-08-15,12339,No
23-08-15,10981,No
24-08-15,10283,No
25-08-15,12672,No
26-08-15,12330,No
27-08-15,12406,No
28-08-15,12210,No
29-08-15,11526,No
30-08-15,10188,No
31-08-15,11052,No
01-09-15,11522,No
02-09-15,11378,No
03-09-15,11131,No
04-09-15,11050,No
05-09-15,10867,No
06-09-15,12400,No
07-09-15,10351,Yes
08-09-15,10965,No
09-09-15,11065,No
10-09-15,10356,No
11-09-15,12167,No
12-09-15,6665,No
13-09-15,10397,No
14-09-15,11156,No
15-09-15,11943,No
16-09-15,11938,No
17-09-15,11949,No
18-09-15,11956,No
19-09-15,11580,No
20-09-15,10998,No
21-09-15,7816,No
22-09-15,11952,No
23-09-15,12773,No
24-09-15,12514,No
25-09-15,11403,No
26-09-15,11038,No
27-09-15,9979,No
28-09-15,11305,No
29-09-15,7240,No
30-09-15,10184,No
01-10-15,4799,No
02-10-15,2079,No
03-10-15,4050,No
04-10-15,6624,No
05-10-15,10445,No
06-10-15,11551,No
07-10-15,11734,No
08-10-15,11711,No
09-10-15,10501,No
10-10-15,10269,No
11-10-15,10491,No
12-10-15,10495,Yes
13-10-15,10803,No
14-10-15,11406,No
15-10-15,11506,No
16-10-15,11263,No
17-10-15,8782,No
18-10-15,6978,No
19-10-15,9074,No
20-10-15,10036,No
21-10-15,10678,No
22-10-15,11287,No
23-10-15,11470,No
24-10-15,9730,No
25-10-15,8587,No
26-10-15,9973,No
27-10-15,9797,No
28-10-15,5179,No
29-10-15,10632,No
30-10-15,9700,No
31-10-15,8721,No
01-11-15,7211,No
02-11-15,9446,No
03-11-15,10508,No
04-11-15,10822,No
05-11-15,10553,No
06-11-15,11609,No
07-11-15,5610,No
08-11-15,8995,No
09-11-15,6715,No
10-11-15,5773,No
11-11-15,8901,Yes
12-11-15,8476,No
13-11-15,9262,No
14-11-15,7171,No
15-11-15,7441,No
16-11-15,9156,No
17-11-15,9226,No
18-11-15,9768,No
19-11-15,6255,No
20-11-15,9097,No
21-11-15,7299,No
22-11-15,4948,No
23-11-15,6601,No
24-11-15,7500,No
25-11-15,6864,No
26-11-15,3394,Yes
27-11-15,6240,No
28-11-15,6418,No
29-11-15,2877,No
30-11-15,4160,No
01-12-15,3954,No
02-12-15,5740,No
03-12-15,7969,No
04-12-15,7940,No
05-12-15,7087,No
06-12-15,5979,No
07-12-15,7928,No
08-12-15,8458,No
09-12-15,7982,No
10-12-15,8685,No
11-12-15,8722,No
12-12-15,8720,No
13-12-15,8034,No
14-12-15,6645,No
15-12-15,8804,No
16-12-15,8624,No
17-12-15,4553,No
18-12-15,6698,No
19-12-15,4279,No
20-12-15,4219,No
21-12-15,6675,No
22-12-15,4934,No
23-12-15,2263,No
24-12-15,2796,No
25-12-15,1502,Yes
26-12-15,2702,No
27-12-15,4623,No
28-12-15,4459,No
29-12-15,5253,No
30-12-15,5275,No
31-12-15,5855,No
01-01-16,3220,Yes
02-01-16,4922,No
03-01-16,4964,No
04-01-16,5133,No
05-01-16,4850,No
06-01-16,5712,No
07-01-16,6592,No
08-01-16,6153,No
09-01-16,5314,No
10-01-16,5663,No
11-01-16,6294,No
12-01-16,6490,No
13-01-16,5620,No
14-01-16,7164,No
15-01-16,5983,No
16-01-16,5908,No
17-01-16,3400,No
18-01-16,2499,Yes
19-01-16,3912,No
20-01-16,4321,No
21-01-16,4228,No
22-01-16,2985,No
27-01-16,528,No
28-01-16,2022,No
29-01-16,2942,No
30-01-16,2822,No
31-01-16,3611,No
01-02-16,4604,No
02-02-16,6584,No
03-02-16,4243,No
04-02-16,6691,No
05-02-16,5822,No
06-02-16,5042,No
07-02-16,4664,No
08-02-16,5994,No
09-02-16,4053,No
10-02-16,5493,No
11-02-16,4246,No
12-02-16,4363,No
13-02-16,1535,No
14-02-16,1851,No
15-02-16,501,Yes
16-02-16,3238,No
17-02-16,6097,No
18-02-16,5822,No
19-02-16,5633,No
20-02-16,8245,No
21-02-16,4254,No
22-02-16,7148,No
23-02-16,2585,No
24-02-16,3279,No
25-02-16,6330,No
26-02-16,5345,No
27-02-16,5432,No
28-02-16,8732,No
29-02-16,7828,No
01-03-16,8588,No
02-03-16,5918,No
03-03-16,5902,No
04-03-16,5345,No
05-03-16,5334,No
06-03-16,5899,No
07-03-16,9003,No
08-03-16,10558,No
09-03-16,11214,No
10-03-16,10954,No
11-03-16,11220,No
12-03-16,10427,No
13-03-16,5194,No
14-03-16,7671,No
15-03-16,8558,No
16-03-16,13356,No
17-03-16,10673,No
18-03-16,11429,No
19-03-16,3227,No
20-03-16,4532,No
21-03-16,7580,No
22-03-16,9763,No
23-03-16,12340,No
24-03-16,13363,No
25-03-16,12212,No
26-03-16,14116,No
27-03-16,8564,No
28-03-16,8430,No
29-03-16,10221,No
30-03-16,10873,No
31-03-16,11029,No
01-04-16,10875,No
02-04-16,9281,No
03-04-16,6800,No
04-04-16,7398,No
05-04-16,7512,No
06-04-16,9068,No
07-04-16,5433,No
08-04-16,9529,No
09-04-16,4069,No
10-04-16,7421,No
11-04-16,9456,No
12-04-16,8583,No
13-04-16,10131,No
14-04-16,10523,No
15-04-16,11395,Yes
16-04-16,13505,No
17-04-16,12367,No
18-04-16,11882,No
19-04-16,11927,No
20-04-16,11650,No
21-04-16,11447,No
22-04-16,11093,No
23-04-16,8487,No
24-04-16,11948,No
25-04-16,11694,No
26-04-16,11718,No
27-04-16,8360,No
28-04-16,5195,No
29-04-16,8258,No
30-04-16,8511,No
01-05-16,4376,No
02-05-16,8139,No
03-05-16,8132,No
04-05-16,9625,No
05-05-16,8726,No
06-05-16,3102,No
07-05-16,9225,No
08-05-16,10803,No
09-05-16,9164,No
10-05-16,10242,No
11-05-16,7669,No
12-05-16,10805,No
13-05-16,10106,No
14-05-16,9389,No
15-05-16,8507,No
16-05-16,11357,No
17-05-16,5374,No
18-05-16,10583,No
19-05-16,11720,No
20-05-16,13860,No
21-05-16,4432,No
22-05-16,2851,No
23-05-16,8048,No
24-05-16,13235,No
25-05-16,12786,No
26-05-16,12188,No
27-05-16,12139,No
28-05-16,11560,No
29-05-16,9069,No
30-05-16,9930,Yes
31-05-16,11578,No
01-06-16,12355,No
02-06-16,12366,No
03-06-16,8517,No
04-06-16,11991,No
05-06-16,9378,No
06-06-16,12468,No
07-06-16,13271,No
08-06-16,13586,No
09-06-16,13423,No
10-06-16,13730,No
11-06-16,11993,No
12-06-16,11023,No
13-06-16,13161,No
14-06-16,13949,No
15-06-16,12954,No
16-06-16,11056,No
17-06-16,13290,No
18-06-16,13550,No
19-06-16,11830,No
20-06-16,12912,No
21-06-16,9513,No
22-06-16,13902,No
23-06-16,9435,No
24-06-16,12405,No
25-06-16,13600,No
26-06-16,12356,No
27-06-16,11922,No
28-06-16,11064,No
29-06-16,13778,No
30-06-16,13318,No
