StartDate,Ridership
2010/9/15,1
2010/9/16,1
2010/9/17,9
2010/9/19,11
2010/9/20,238
2010/9/21,335
2010/9/22,406
2010/9/23,380
2010/9/24,370
2010/9/25,555
2010/9/26,547
2010/9/27,292
2010/9/28,420
2010/9/29,454
2010/9/30,165
2010/10/1,588
2010/10/2,858
2010/10/3,516
2010/10/4,336
2010/10/5,636
2010/10/6,689
2010/10/7,888
2010/10/8,950
2010/10/9,1131
2010/10/10,1114
2010/10/11,985
2010/10/12,1096
2010/10/13,1139
2010/10/14,583
2010/10/15,1155
2010/10/16,1401
2010/10/17,1354
2010/10/18,1151
2010/10/19,1159
2010/10/20,1156
2010/10/21,1349
2010/10/22,1393
2010/10/23,1726
2010/10/24,1575
2010/10/25,1352
2010/10/26,1572
2010/10/27,1047
2010/10/28,1714
2010/10/29,1681
2010/10/30,2342
2010/10/31,1977
2010/11/1,1474
2010/11/2,1422
2010/11/3,1507
2010/11/4,602
2010/11/5,1880
2010/11/6,1844
2010/11/7,1442
2010/11/8,1623
2010/11/9,1964
2010/11/10,2075
2010/11/11,2087
2010/11/12,2059
2010/11/13,2300
2010/11/14,2039
2010/11/15,1756
2010/11/16,783
2010/11/17,1948
2010/11/18,1881
2010/11/19,1981
2010/11/20,2385
2010/11/21,1777
2010/11/22,1927
2010/11/23,1789
2010/11/24,1513
2010/11/25,569
2010/11/26,792
2010/11/27,952
2010/11/28,958
2010/11/29,1508
2010/11/30,1277
2010/12/1,991
2010/12/2,1486
2010/12/3,1609
2010/12/4,1221
2010/12/5,1019
2010/12/6,1194
2010/12/7,1096
2010/12/8,1152
2010/12/9,1296
2010/12/10,1307
2010/12/11,1154
2010/12/12,428
2010/12/13,1051
2010/12/14,859
2010/12/15,1062
2010/12/16,678
2010/12/17,873
2010/12/18,846
2010/12/19,814
2010/12/20,1046
2010/12/21,1061
2010/12/22,1112
2010/12/23,747
2010/12/24,352
2010/12/25,191
2010/12/26,92
2010/12/27,308
2010/12/28,705
2010/12/29,946
2010/12/30,1121
2010/12/31,948
2011/1/1,1968
2011/1/2,1600
2011/1/3,2694
2011/1/4,3122
2011/1/5,3194
2011/1/6,3206
2011/1/7,3012
2011/1/8,1918
2011/1/9,1642
2011/1/10,2638
2011/1/11,2520
2011/1/12,2318
2011/1/13,2798
2011/1/14,2836
2011/1/15,2496
2011/1/16,2408
2011/1/17,2000
2011/1/18,1360
2011/1/19,3298
2011/1/20,3830
2011/1/21,3074
2011/1/22,1962
2011/1/23,1972
2011/1/24,2828
2011/1/25,3964
2011/1/26,1006
2011/1/27,860
2011/1/28,2330
2011/1/29,2194
2011/1/30,2186
2011/1/31,2998
2011/2/1,2720
2011/2/2,3048
2011/2/3,3090
2011/2/4,3410
2011/2/5,2010
2011/2/6,3240
2011/2/7,3408
2011/2/8,3048
2011/2/9,3194
2011/2/10,3068
2011/2/11,3478
2011/2/12,2942
2011/2/13,3176
2011/2/14,3810
2011/2/15,3616
2011/2/16,4216
2011/2/17,4938
2011/2/18,5840
2011/2/19,3268
2011/2/20,3624
2011/2/21,2210
2011/2/22,2882
2011/2/23,3816
2011/2/24,3602
2011/2/25,2908
2011/2/26,3936
2011/2/27,4802
2011/2/28,2878
2011/3/1,3686
2011/3/2,4254
2011/3/3,3354
2011/3/4,3872
2011/3/5,4146
2011/3/6,1208
2011/3/7,3734
2011/3/8,4246
2011/3/9,3762
2011/3/10,1240
2011/3/11,3942
2011/3/12,4264
2011/3/13,4826
2011/3/14,4086
2011/3/15,4092
2011/3/16,4374
2011/3/17,5472
2011/3/18,6454
2011/3/19,6222
2011/3/20,4936
2011/3/21,4146
2011/3/22,5388
2011/3/23,4234
2011/3/24,3718
2011/3/25,4398
2011/3/26,4990
2011/3/27,3382
2011/3/28,4040
2011/3/29,4840
2011/3/30,3056
2011/3/31,3348
2011/4/1,4432
2011/4/2,4504
2011/4/3,6496
2011/4/4,6214
2011/4/5,3572
2011/4/6,5594
2011/4/7,6266
2011/4/8,2934
2011/4/9,4908
2011/4/10,5784
2011/4/11,6680
2011/4/12,4050
2011/4/13,4300
2011/4/14,6502
2011/4/15,6230
2011/4/16,1590
2011/4/17,7482
2011/4/18,6834
2011/4/19,6384
2011/4/20,7866
2011/4/21,8358
2011/4/22,3352
2011/4/23,8070
2011/4/24,8376
2011/4/25,8124
2011/4/26,8754
2011/4/27,7718
2011/4/28,8088
2011/4/29,9178
2011/4/30,10624
2011/5/1,6696
2011/5/2,8770
2011/5/3,8874
2011/5/4,5248
2011/5/5,8844
2011/5/6,9186
2011/5/7,9420
2011/5/8,8664
2011/5/9,8670
2011/5/10,9562
2011/5/11,8344
2011/5/12,9710
2011/5/13,8192
2011/5/14,6804
2011/5/15,9104
2011/5/16,7900
2011/5/17,8226
2011/5/18,7686
2011/5/19,9122
2011/5/20,9812
2011/5/21,11606
2011/5/22,9308
2011/5/23,8538
2011/5/24,8974
2011/5/25,9932
2011/5/26,9328
2011/5/27,9340
2011/5/28,9512
2011/5/29,9570
2011/5/30,8184
2011/5/31,7948
2011/6/1,7930
2011/6/2,9924
2011/6/3,10596
2011/6/4,10678
2011/6/5,9804
2011/6/6,9076
2011/6/7,9640
2011/6/8,8780
2011/6/9,7822
2011/6/10,9156
2011/6/11,9928
2011/6/12,8916
2011/6/13,10024
2011/6/14,9758
2011/6/15,10334
2011/6/16,7516
2011/6/17,9664
2011/6/18,10230
2011/6/19,9484
2011/6/20,8010
2011/6/21,9644
2011/6/22,8988
2011/6/23,9564
2011/6/24,9964
2011/6/25,10398
2011/6/26,10598
2011/6/27,9396
2011/6/28,9270
2011/6/29,10434
2011/6/30,11006
2011/7/1,10702
2011/7/2,10228
2011/7/3,9296
2011/7/4,12070
2011/7/5,9304
2011/7/6,9238
2011/7/7,9156
2011/7/8,8062
2011/7/9,10660
2011/7/10,9756
2011/7/11,8156
2011/7/12,8494
2011/7/13,8666
2011/7/14,10142
2011/7/15,11056
2011/7/16,11842
2011/7/17,10594
2011/7/18,8890
2011/7/19,9066
2011/7/20,8646
2011/7/21,7548
2011/7/22,6760
2011/7/23,6564
2011/7/24,7210
2011/7/25,7668
2011/7/26,9154
2011/7/27,9288
2011/7/28,8758
2011/7/29,7688
2011/7/30,8948
2011/7/31,8600
2011/8/1,8510
2011/8/2,9670
2011/8/3,7140
2011/8/4,9138
2011/8/5,9716
2011/8/6,8584
2011/8/7,7562
2011/8/8,8630
2011/8/9,9176
2011/8/10,9534
2011/8/11,9560
2011/8/12,9788
2011/8/13,8282
2011/8/14,7638
2011/8/15,8674
2011/8/16,9430
2011/8/17,9362
2011/8/18,7594
2011/8/19,8290
2011/8/20,10380
2011/8/21,7742
2011/8/22,9508
2011/8/23,11762
2011/8/24,10228
2011/8/25,7066
2011/8/26,9310
2011/8/27,2230
2011/8/28,8662
2011/8/29,9246
2011/8/30,10388
2011/8/31,10094
2011/9/1,10200
2011/9/2,9436
2011/9/3,8960
2011/9/4,9878
2011/9/5,6702
2011/9/6,5396
2011/9/7,3974
2011/9/8,3660
2011/9/9,7068
2011/9/10,10680
2011/9/11,10076
2011/9/12,9402
2011/9/13,9492
2011/9/14,9552
2011/9/15,7292
2011/9/16,9484
2011/9/17,9018
2011/9/18,8548
2011/9/19,9052
2011/9/20,7266
2011/9/21,8686
2011/9/22,9566
2011/9/23,4772
2011/9/24,10832
2011/9/25,10016
2011/9/26,9240
2011/9/27,8214
2011/9/28,7804
2011/9/29,9672
2011/9/30,10378
2011/10/1,4848
2011/10/2,5836
2011/10/3,7122
2011/10/4,8886
2011/10/5,9630
2011/10/6,9502
2011/10/7,9942
2011/10/8,10816
2011/10/9,11018
2011/10/10,10220
2011/10/11,9100
2011/10/12,4814
2011/10/13,5806
2011/10/14,7268
2011/10/15,10428
2011/10/16,10078
2011/10/17,9130
2011/10/18,9472
2011/10/19,4834
2011/10/20,8372
2011/10/21,8592
2011/10/22,8612
2011/10/23,8758
2011/10/24,8354
2011/10/25,9352
2011/10/26,7772
2011/10/27,5304
2011/10/28,7488
2011/10/29,1254
2011/10/30,6654
2011/10/31,7322
2011/11/1,8122
2011/11/2,8352
2011/11/3,7922
2011/11/4,8078
2011/11/5,7840
2011/11/6,7296
2011/11/7,8016
2011/11/8,8394
2011/11/9,8214
2011/11/10,5852
2011/11/11,6720
2011/11/12,8130
2011/11/13,7426
2011/11/14,8938
2011/11/15,8368
2011/11/16,3626
2011/11/17,6088
2011/11/18,6772
2011/11/19,7312
2011/11/20,7028
2011/11/21,5524
2011/11/22,3202
2011/11/23,5126
2011/11/24,2988
2011/11/25,5576
2011/11/26,6132
2011/11/27,6130
2011/11/28,7706
2011/11/29,5810
2011/11/30,7210
2011/12/1,7424
2011/12/2,7858
2011/12/3,7222
2011/12/4,6966
2011/12/5,7600
2011/12/6,5172
2011/12/7,1404
2011/12/8,6626
2011/12/9,7220
2011/12/10,6368
2011/12/11,5480
2011/12/12,6584
2011/12/13,7020
2011/12/14,7450
2011/12/15,7396
2011/12/16,7112
2011/12/17,5468
2011/12/18,4850
2011/12/19,6790
2011/12/20,7482
2011/12/21,5308
2011/12/22,6120
2011/12/23,4404
2011/12/24,2020
2011/12/25,1508
2011/12/26,2632
2011/12/27,2314
2011/12/28,4594
2011/12/29,4832
2011/12/30,5982
2011/12/31,4968
2012/1/1,2294
2012/1/2,1950
2012/1/3,2233
2012/1/4,2367
2012/1/5,3269
2012/1/6,4091
2012/1/7,4520
2012/1/8,3424
2012/1/9,2370
2012/1/10,3592
2012/1/11,2174
2012/1/12,4091
2012/1/13,3207
2012/1/14,2491
2012/1/15,2306
2012/1/16,2295
2012/1/17,2931
2012/1/18,3370
2012/1/19,3285
2012/1/20,3156
2012/1/21,1300
2012/1/22,1975
2012/1/23,2429
2012/1/24,4327
2012/1/25,4259
2012/1/26,4060
2012/1/27,3449
2012/1/28,4019
2012/1/29,3240
2012/1/30,3615
2012/1/31,4501
2012/2/1,4574
2012/2/2,3754
2012/2/3,4146
2012/2/4,2831
2012/2/5,2944
2012/2/6,3779
2012/2/7,4363
2012/2/8,2794
2012/2/9,3824
2012/2/10,3822
2012/2/11,2168
2012/2/12,1529
2012/2/13,3419
2012/2/14,3909
2012/2/15,4160
2012/2/16,3000
2012/2/17,4145
2012/2/18,4316
2012/2/19,2689
2012/2/20,3127
2012/2/21,3771
2012/2/22,4767
2012/2/23,5048
2012/2/24,3480
2012/2/25,2732
2012/2/26,3389
2012/2/27,4317
2012/2/28,4353
2012/2/29,1829
2012/3/1,4978
2012/3/2,3190
2012/3/3,4061
2012/3/4,3418
2012/3/5,3331
2012/3/6,3946
2012/3/7,4907
2012/3/8,5374
2012/3/9,4561
2012/3/10,4116
2012/3/11,4906
2012/3/12,5290
2012/3/13,5833
2012/3/14,6305
2012/3/15,6183
2012/3/16,4368
2012/3/17,7832
2012/3/18,5890
2012/3/19,6146
2012/3/20,6088
2012/3/21,6221
2012/3/22,6859
2012/3/23,8351
2012/3/24,3367
2012/3/25,4993
2012/3/26,5549
2012/3/27,5093
2012/3/28,5692
2012/3/29,6126
2012/3/30,5447
2012/3/31,6233
2012/4/1,6038
2012/4/2,5920
2012/4/3,6757
2012/4/4,6419
2012/4/5,6441
2012/4/6,6453
2012/4/7,6855
2012/4/8,5168
2012/4/9,5576
2012/4/10,5907
2012/4/11,4849
2012/4/12,5396
2012/4/13,6389
2012/4/14,7458
2012/4/15,7124
2012/4/16,6361
2012/4/17,6671
2012/4/18,4360
2012/4/19,6547
2012/4/20,7273
2012/4/21,6621
2012/4/22,1023
2012/4/23,3204
2012/4/24,5621
2012/4/25,6187
2012/4/26,5020
2012/4/27,6225
2012/4/28,4220
2012/4/29,6302
2012/4/30,5569
2012/5/1,5733
2012/5/2,6158
2012/5/3,6415
2012/5/4,6288
2012/5/5,6883
2012/5/6,6355
2012/5/7,6267
2012/5/8,5719
2012/5/9,4710
2012/5/10,6563
2012/5/11,7019
2012/5/12,7427
2012/5/13,6116
2012/5/14,2842
2012/5/15,5109
2012/5/16,7412
2012/5/17,7371
2012/5/18,7631
2012/5/19,8292
2012/5/20,7124
2012/5/21,4355
2012/5/22,6060
2012/5/23,5249
2012/5/24,6759
2012/5/25,6720
2012/5/26,6533
2012/5/27,6588
2012/5/28,6038
2012/5/29,5733
2012/5/30,6840
2012/5/31,7328
2012/6/1,4118
2012/6/2,8118
2012/6/3,7641
2012/6/4,6994
2012/6/5,6997
2012/6/6,7048
2012/6/7,7489
2012/6/8,7730
2012/6/9,7496
2012/6/10,6595
2012/6/11,6655
2012/6/12,4961
2012/6/13,7416
2012/6/14,7359
2012/6/15,7656
2012/6/16,7698
2012/6/17,6968
2012/6/18,5092
2012/6/19,6812
2012/6/20,6196
2012/6/21,5891
2012/6/22,5810
2012/6/23,7452
2012/6/24,6889
2012/6/25,6769
2012/6/26,7425
2012/6/27,7323
2012/6/28,6868
2012/6/29,5455
2012/6/30,5679
2012/7/1,5531
2012/7/2,6227
2012/7/3,6660
2012/7/4,7403
2012/7/5,6241
2012/7/6,6207
2012/7/7,4840
2012/7/8,4672
2012/7/9,6569
2012/7/10,6290
2012/7/11,7264
2012/7/12,7446
2012/7/13,7499
2012/7/14,6969
2012/7/15,6031
2012/7/16,6830
2012/7/17,6786
2012/7/18,5713
2012/7/19,6591
2012/7/20,5870
2012/7/21,4459
2012/7/22,7410
2012/7/23,6966
2012/7/24,7592
2012/7/25,8173
2012/7/26,6861
2012/7/27,6904
2012/7/28,6685
2012/7/29,6597
2012/7/30,7105
2012/7/31,7216
2012/8/1,7580
2012/8/2,7261
2012/8/3,7175
2012/8/4,6824
2012/8/5,5464
2012/8/6,7013
2012/8/7,7273
2012/8/8,7534
2012/8/9,7286
2012/8/10,5786
2012/8/11,6299
2012/8/12,6544
2012/8/13,6883
2012/8/14,6784
2012/8/15,7347
2012/8/16,7605
2012/8/17,7148
2012/8/18,7865
2012/8/19,4549
2012/8/20,6530
2012/8/21,7006
2012/8/22,7375
2012/8/23,7765
2012/8/24,7582
2012/8/25,6053
2012/8/26,5255
2012/8/27,6917
2012/8/28,7040
2012/8/29,7697
2012/8/30,7713
2012/8/31,7350
2012/9/1,6140
2012/9/2,5810
2012/9/3,6034
2012/9/4,6864
2012/9/5,7112
2012/9/6,6203
2012/9/7,7503
2012/9/8,5976
2012/9/9,8227
2012/9/10,7525
2012/9/11,7767
2012/9/12,7870
2012/9/13,7804
2012/9/14,8009
2012/9/15,8714
2012/9/16,7333
2012/9/17,6869
2012/9/18,4073
2012/9/19,7591
2012/9/20,7720
2012/9/21,8167
2012/9/22,8395
2012/9/23,7907
2012/9/24,7436
2012/9/25,7538
2012/9/26,7733
2012/9/27,7393
2012/9/28,7415
2012/9/29,8555
2012/9/30,6889
2012/10/1,6778
2012/10/2,4639
2012/10/3,7572
2012/10/4,7328
2012/10/5,8156
2012/10/6,7965
2012/10/7,3510
2012/10/8,5478
2012/10/9,6392
2012/10/10,7691
2012/10/11,7570
2012/10/12,7281
2012/10/13,7109
2012/10/14,6639
2012/10/15,5875
2012/10/16,7534
2012/10/17,7461
2012/10/18,7509
2012/10/19,5424
2012/10/20,8090
2012/10/21,6824
2012/10/22,7058
2012/10/23,7466
2012/10/24,7693
2012/10/25,7359
2012/10/26,7444
2012/10/27,7852
2012/10/28,4459
2012/10/29,22
2012/10/30,1096
2012/10/31,5566
2012/11/1,5986
2012/11/2,5847
2012/11/3,5138
2012/11/4,5107
2012/11/5,5259
2012/11/6,5686
2012/11/7,5035
2012/11/8,5315
2012/11/9,5992
2012/11/10,6536
2012/11/11,6852
2012/11/12,6269
2012/11/13,4094
2012/11/14,5495
2012/11/15,5445
2012/11/16,5698
2012/11/17,5629
2012/11/18,4669
2012/11/19,5499
2012/11/20,5634
2012/11/21,5146
2012/11/22,2425
2012/11/23,3910
2012/11/24,2277
2012/11/25,2424
2012/11/26,5087
2012/11/27,3959
2012/11/28,5260
2012/11/29,5323
2012/11/30,5668
2012/12/1,5191
2012/12/2,4649
2012/12/3,6234
2012/12/4,6606
2012/12/5,5729
2012/12/6,5375
2012/12/7,5008
2012/12/8,5582
2012/12/9,3228
2012/12/10,5170
2012/12/11,5501
2012/12/12,5319
2012/12/13,5532
2012/12/14,5611
2012/12/15,5047
2012/12/16,3786
2012/12/17,4585
2012/12/18,5557
2012/12/19,5267
2012/12/20,4128
2012/12/21,3623
2012/12/22,1749
2012/12/23,1787
2012/12/24,920
2012/12/25,1013
2012/12/26,441
2012/12/27,2114
2012/12/28,3095
2012/12/29,1341
2012/12/30,1796
2012/12/31,2729
2013/1/1,1985
2013/1/2,3703
2013/1/3,3873
2013/1/4,4118
2013/1/5,3562
2013/1/6,3790
2013/1/7,4774
2013/1/8,5311
2013/1/9,5147
2013/1/10,5415
2013/1/11,4150
2013/1/12,5628
2013/1/13,4145
2013/1/14,5059
2013/1/15,2923
2013/1/16,3511
2013/1/17,4817
2013/1/18,4512
2013/1/19,4974
2013/1/20,5768
2013/1/21,4574
2013/1/22,2951
2013/1/23,3220
2013/1/24,2448
2013/1/25,2375
2013/1/26,2765
2013/1/27,3032
2013/1/28,2733
2013/1/29,5834
2013/1/30,4687
2013/1/31,4358
2013/2/1,3201
2013/2/2,2473
2013/2/3,2586
2013/2/4,3946
2013/2/5,4613
2013/2/6,4915
2013/2/7,4488
2013/2/8,3390
2013/2/9,3466
2013/2/10,3613
2013/2/11,4268
2013/2/12,5680
2013/2/13,3556
2013/2/14,5170
2013/2/15,5358
2013/2/16,3239
2013/2/17,2508
2013/2/18,3361
2013/2/19,3960
2013/2/20,4383
2013/2/21,4147
2013/2/22,3562
2013/2/23,2575
2013/2/24,4378
2013/2/25,5002
2013/2/26,2784
2013/2/27,5440
2013/2/28,5128
2013/3/1,4941
2013/3/2,3741
2013/3/3,3095
2013/3/4,4454
2013/3/5,5217
2013/3/6,1136
2013/3/7,5043
2013/3/8,4870
2013/3/9,6835
2013/3/10,6829
2013/3/11,6087
2013/3/12,4289
2013/3/13,5742
2013/3/14,4881
2013/3/15,6384
2013/3/16,6247
2013/3/17,3984
2013/3/18,2768
2013/3/19,6001
2013/3/20,5887
2013/3/21,4541
2013/3/22,5452
2013/3/23,6542
2013/3/24,3888
2013/3/25,1933
2013/3/26,5627
2013/3/27,5856
2013/3/28,5640
2013/3/29,7443
2013/3/30,9664
2013/3/31,3821
2013/4/1,6420
2013/4/2,5946
2013/4/3,6287
2013/4/4,5872
2013/4/5,7679
2013/4/6,9346
2013/4/7,9830
2013/4/8,8550
2013/4/9,9838
2013/4/10,9639
2013/4/11,9166
2013/4/12,6064
2013/4/13,11369
2013/4/14,9695
2013/4/15,6979
2013/4/16,8315
2013/4/17,8563
2013/4/18,7761
2013/4/19,6178
2013/4/20,8882
2013/4/21,7401
2013/4/22,6794
2013/4/23,7509
2013/4/24,8552
2013/4/25,8332
2013/4/26,9074
2013/4/27,10904
2013/4/28,7921
2013/4/29,4333
2013/4/30,5405
2013/5/1,8691
2013/5/2,8592
2013/5/3,8741
2013/5/4,9586
2013/5/5,8080
2013/5/6,6565
2013/5/7,4462
2013/5/8,6669
2013/5/9,7870
2013/5/10,8957
2013/5/11,6531
2013/5/12,8103
2013/5/13,7441
2013/5/14,8122
2013/5/15,8826
2013/5/16,8971
2013/5/17,10155
2013/5/18,6405
2013/5/19,6734
2013/5/20,8454
2013/5/21,9103
2013/5/22,8987
2013/5/23,8136
2013/5/24,6698
2013/5/25,8039
2013/5/26,9960
2013/5/27,9067
2013/5/28,7605
2013/5/29,9357
2013/5/30,8825
2013/5/31,9190
2013/6/1,9568
2013/6/2,7746
2013/6/3,7475
2013/6/4,10032
2013/6/5,10075
2013/6/6,6925
2013/6/7,2509
2013/6/8,9863
2013/6/9,9341
2013/6/10,4429
2013/6/11,9271
2013/6/12,9269
2013/6/13,7340
2013/6/14,9900
2013/6/15,10546
2013/6/16,8816
2013/6/17,8703
2013/6/18,7208
2013/6/19,10136
2013/6/20,10267
2013/6/21,10422
2013/6/22,10913
2013/6/23,7276
2013/6/24,8134
2013/6/25,9276
2013/6/26,8611
2013/6/27,8889
2013/6/28,6377
2013/6/29,10620
2013/6/30,7181
2013/7/1,7944
2013/7/2,7953
2013/7/3,7818
2013/7/4,10832
2013/7/5,10652
2013/7/6,8981
2013/7/7,6949
2013/7/8,8172
2013/7/9,8848
2013/7/10,8209
2013/7/11,8942
2013/7/12,5792
2013/7/13,9372
2013/7/14,8497
2013/7/15,8108
2013/7/16,8515
2013/7/17,8720
2013/7/18,7902
2013/7/19,8087
2013/7/20,8706
2013/7/21,8538
2013/7/22,8796
2013/7/23,9335
2013/7/24,9856
2013/7/25,10228
2013/7/26,10370
2013/7/27,8474
2013/7/28,8242
2013/7/29,9328
2013/7/30,9980
2013/7/31,8773
2013/8/1,7844
2013/8/2,9940
2013/8/3,8532
2013/8/4,10511
2013/8/5,10162
2013/8/6,8469
2013/8/7,9827
2013/8/8,8972
2013/8/9,9545
2013/8/10,10162
2013/8/11,9596
2013/8/12,9613
2013/8/13,8395
2013/8/14,10497
2013/8/15,10800
2013/8/16,10889
2013/8/17,11168
2013/8/18,5835
2013/8/19,9066
2013/8/20,9692
2013/8/21,9241
2013/8/22,9650
2013/8/23,7699
2013/8/24,10990
2013/8/25,9584
2013/8/26,9385
2013/8/27,9622
2013/8/28,7735
2013/8/29,9435
2013/8/30,9748
2013/8/31,9479
2013/9/1,9300
2013/9/2,8122
2013/9/3,8944
2013/9/4,9826
2013/9/5,10007
2013/9/6,10258
2013/9/7,10236
2013/9/8,9516
2013/9/9,9141
2013/9/10,9570
2013/9/11,9267
2013/9/12,7079
2013/9/13,10056
2013/9/14,11269
2013/9/15,9855
2013/9/16,8359
2013/9/17,9968
2013/9/18,10059
2013/9/19,10461
2013/9/20,10676
2013/9/21,6919
2013/9/22,9442
2013/9/23,9067
2013/9/24,9606
2013/9/25,9615
2013/9/26,9893
2013/9/27,9989
2013/9/28,10190
2013/9/29,9365
2013/9/30,9132
2013/10/1,10358
2013/10/2,10385
2013/10/3,10157
2013/10/4,10263
2013/10/5,10586
2013/10/6,9776
2013/10/7,5880
2013/10/8,9944
2013/10/9,6438
2013/10/10,2532
2013/10/11,1800
2013/10/12,5261
2013/10/13,6027
2013/10/14,8940
2013/10/15,9381
2013/10/16,9729
2013/10/17,9548
2013/10/18,10373
2013/10/19,9415
2013/10/20,8594
2013/10/21,9056
2013/10/22,9074
2013/10/23,7970
2013/10/24,7897
2013/10/25,7953
2013/10/26,7983
2013/10/27,8022
2013/10/28,8603
2013/10/29,9134
2013/10/30,8144
2013/10/31,8429
2013/11/1,8180
2013/11/2,9490
2013/11/3,7735
2013/11/4,6954
2013/11/5,8223
2013/11/6,8877
2013/11/7,8065
2013/11/8,7588
2013/11/9,7618
2013/11/10,7260
2013/11/11,7264
2013/11/12,6162
2013/11/13,6544
2013/11/14,7359
2013/11/15,7754
2013/11/16,6891
2013/11/17,7025
2013/11/18,8350
2013/11/19,7522
2013/11/20,7409
2013/11/21,7588
2013/11/22,8230
2013/11/23,6180
2013/11/24,3227
2013/11/25,5360
2013/11/26,1901
2013/11/27,2264
2013/11/28,1603
2013/11/29,2956
2013/11/30,3042
2013/12/1,3727
2013/12/2,6385
2013/12/3,7523
2013/12/4,7674
2013/12/5,8243
2013/12/6,2976
2013/12/7,4931
2013/12/8,1376
2013/12/9,3473
2013/12/10,2724
2013/12/11,5530
2013/12/12,5133
2013/12/13,5686
2013/12/14,2828
2013/12/15,4354
2013/12/16,5669
2013/12/17,5407
2013/12/18,5840
2013/12/19,6716
2013/12/20,6575
2013/12/21,6495
2013/12/22,2849
2013/12/23,2031
2013/12/24,2369
2013/12/25,1012
2013/12/26,2469
2013/12/27,3619
2013/12/28,4450
2013/12/29,1460
2013/12/30,4400
2013/12/31,4166
2014/1/1,3041
2014/1/2,3356
2014/1/3,1634
2014/1/4,2281
2014/1/5,2080
2014/1/6,3553
2014/1/7,2330
2014/1/8,3976
2014/1/9,4992
2014/1/10,1861
2014/1/11,1984
2014/1/12,5467
2014/1/13,6919
2014/1/14,5126
2014/1/15,6510
2014/1/16,6067
2014/1/17,6185
2014/1/18,3352
2014/1/19,4145
2014/1/20,5368
2014/1/21,1766
2014/1/22,1463
2014/1/23,2450
2014/1/24,2651
2014/1/25,2293
2014/1/26,2588
2014/1/27,4535
2014/1/28,3160
2014/1/29,3185
2014/1/30,4209
2014/1/31,5479
2014/2/1,5409
2014/2/2,5471
2014/2/3,2493
2014/2/4,5226
2014/2/5,3800
2014/2/6,5243
2014/2/7,5447
2014/2/8,4079
2014/2/9,3146
2014/2/10,4482
2014/2/11,4783
2014/2/12,3987
2014/2/13,56
2014/2/14,1949
2014/2/15,1781
2014/2/16,2876
2014/2/17,3349
2014/2/18,5154
2014/2/19,5682
2014/2/20,6631
2014/2/21,5844
2014/2/22,7896
2014/2/23,6152
2014/2/24,5459
2014/2/25,4595
2014/2/26,3958
2014/2/27,4940
2014/2/28,4143
2014/3/1,4604
2014/3/2,3531
2014/3/3,429
2014/3/4,2279
2014/3/5,4554
2014/3/6,4875
2014/3/7,5114
2014/3/8,8494
2014/3/9,5979
2014/3/10,6831
2014/3/11,8446
2014/3/12,6288
2014/3/13,4022
2014/3/14,7035
2014/3/15,10471
2014/3/16,4871
2014/3/17,1296
2014/3/18,4707
2014/3/19,3791
2014/3/20,7602
2014/3/21,7757
2014/3/22,10969
2014/3/23,5364
2014/3/24,5435
2014/3/25,3119
2014/3/26,4980
2014/3/27,6512
2014/3/28,6741
2014/3/29,2298
2014/3/30,906
2014/3/31,8268
2014/4/1,9476
2014/4/2,8987
2014/4/3,9188
2014/4/4,8972
2014/4/5,10841
2014/4/6,9932
2014/4/7,2842
2014/4/8,8957
2014/4/9,9993
2014/4/10,11355
2014/4/11,11539
2014/4/12,15755
2014/4/13,14578
2014/4/14,10724
2014/4/15,1842
2014/4/16,7851
2014/4/17,8713
2014/4/18,9428
2014/4/19,12024
2014/4/20,9627
2014/4/21,9750
2014/4/22,9205
2014/4/23,9029
2014/4/24,9985
2014/4/25,7658
2014/4/26,11627
2014/4/27,11161
2014/4/28,6487
2014/4/29,3148
2014/4/30,1816
2014/5/1,9690
2014/5/2,10449
2014/5/3,11302
2014/5/4,10642
2014/5/5,8169
2014/5/6,10530
2014/5/7,8649
2014/5/8,10523
2014/5/9,10539
2014/5/10,8329
2014/5/11,11092
2014/5/12,9516
2014/5/13,10046
2014/5/14,9815
2014/5/15,9487
2014/5/16,8117
2014/5/17,11334
2014/5/18,10328
2014/5/19,10534
2014/5/20,10956
2014/5/21,8601
2014/5/22,10450
2014/5/23,10532
2014/5/24,10644
2014/5/25,12206
2014/5/26,10809
2014/5/27,8327
2014/5/28,10030
2014/5/29,5366
2014/5/30,10930
2014/5/31,12209
2014/6/1,11075
2014/6/2,10466
2014/6/3,10519
2014/6/4,10275
2014/6/5,10854
2014/6/6,11956
2014/6/7,12002
2014/6/8,10740
2014/6/9,10623
2014/6/10,9619
2014/6/11,8734
2014/6/12,9314
2014/6/13,9590
2014/6/14,12046
2014/6/15,11187
2014/6/16,10624
2014/6/17,10623
2014/6/18,10106
2014/6/19,10570
2014/6/20,11780
2014/6/21,9939
2014/6/22,10948
2014/6/23,10984
2014/6/24,11301
2014/6/25,10311
2014/6/26,11087
2014/6/27,10749
2014/6/28,10974
2014/6/29,10934
2014/6/30,10593
2014/7/1,10600
2014/7/2,9699
2014/7/3,8696
2014/7/4,12024
2014/7/5,12927
2014/7/6,11033
2014/7/7,10165
2014/7/8,8629
2014/7/9,8900
2014/7/10,8800
2014/7/11,11346
2014/7/12,11611
2014/7/13,9434
2014/7/14,8610
2014/7/15,7929
2014/7/16,11425
2014/7/17,11709
2014/7/18,11784
2014/7/19,11898
2014/7/20,10933
2014/7/21,11127
2014/7/22,11307
2014/7/23,10315
2014/7/24,10803
2014/7/25,12421
2014/7/26,12118
2014/7/27,10089
2014/7/28,10774
2014/7/29,11444
2014/7/30,11501
2014/7/31,11106
2014/8/1,9974
2014/8/2,10919
2014/8/3,9919
2014/8/4,10999
2014/8/5,10828
2014/8/6,11109
2014/8/7,11175
2014/8/8,11371
2014/8/9,10457
2014/8/10,10782
2014/8/11,9687
2014/8/12,6030
2014/8/13,11019
2014/8/14,11131
2014/8/15,12048
2014/8/16,12360
2014/8/17,10681
2014/8/18,10842
2014/8/19,10646
2014/8/20,9256
2014/8/21,9850
2014/8/22,10354
2014/8/23,6513
2014/8/24,10933
2014/8/25,10860
2014/8/26,10988
2014/8/27,11248
2014/8/28,11171
2014/8/29,11733
2014/8/30,10309
2014/8/31,9026
2014/9/1,8405
2014/9/2,8717
2014/9/3,10544
2014/9/4,10929
2014/9/5,11109
2014/9/6,9436
2014/9/7,11365
2014/9/8,10493
2014/9/9,11090
2014/9/10,11371
2014/9/11,11108
2014/9/12,12283
2014/9/13,8302
2014/9/14,12051
2014/9/15,11477
2014/9/16,12262
2014/9/17,11764
2014/9/18,11627
2014/9/19,11972
2014/9/20,12835
2014/9/21,10868
2014/9/22,11140
2014/9/23,11730
2014/9/24,9397
2014/9/25,6717
2014/9/26,12287
2014/9/27,12781
2014/9/28,11034
2014/9/29,10739
2014/9/30,11764
2014/10/1,10657
2014/10/2,11834
2014/10/3,11047
2014/10/4,10754
2014/10/5,9763
2014/10/6,10761
2014/10/7,9581
2014/10/8,11365
2014/10/9,11356
2014/10/10,8243
2014/10/11,5774
2014/10/12,9527
2014/10/13,6695
2014/10/14,11020
2014/10/15,6157
2014/10/16,10182
2014/10/17,12074
2014/10/18,10940
2014/10/19,8221
2014/10/20,9532
2014/10/21,7565
2014/10/22,4444
2014/10/23,9848
2014/10/24,10563
2014/10/25,11335
2014/10/26,10358
2014/10/27,10622
2014/10/28,11707
2014/10/29,9506
2014/10/30,10147
2014/10/31,9666
2014/11/1,6130
2014/11/2,5698
2014/11/3,8661
2014/11/4,9921
2014/11/5,9241
2014/11/6,7390
2014/11/7,8782
2014/11/8,7652
2014/11/9,7942
2014/11/10,9408
2014/11/11,10891
2014/11/12,9629
2014/11/13,7193
2014/11/14,7077
2014/11/15,6016
2014/11/16,4783
2014/11/17,4133
2014/11/18,5571
2014/11/19,6037
2014/11/20,7297
2014/11/21,6413
2014/11/22,5627
2014/11/23,5647
2014/11/24,9270
2014/11/25,8204
2014/11/26,1447
2014/11/27,1871
2014/11/28,2647
2014/11/29,3696
2014/11/30,5024
2014/12/1,6382
2014/12/2,2682
2014/12/3,6947
2014/12/4,7391
2014/12/5,6033
2014/12/6,2704
2014/12/7,5314
2014/12/8,6072
2014/12/9,3320
2014/12/10,6749
2014/12/11,6377
2014/12/12,6833
2014/12/13,5679
2014/12/14,5311
2014/12/15,7707
2014/12/16,6008
2014/12/17,7434
2014/12/18,6370
2014/12/19,5918
2014/12/20,3889
2014/12/21,3619
2014/12/22,3001
2014/12/23,3755
2014/12/24,1224
2014/12/25,1662
2014/12/26,2948
2014/12/27,4219
2014/12/28,2888
2014/12/29,5188
2014/12/30,5343
2014/12/31,4254
2015/1/1,2611
2015/1/2,5155
2015/1/3,1718
2015/1/4,3711
2015/1/5,5262
2015/1/6,2086
2015/1/7,3063
2015/1/8,2976
2015/1/9,4237
2015/1/10,2694
2015/1/11,3486
2015/1/12,2168
2015/1/13,5520
2015/1/14,4598
2015/1/15,5812
2015/1/16,5729
2015/1/17,4265
2015/1/18,2548
2015/1/19,4687
2015/1/20,6316
2015/1/21,5402
2015/1/22,6424
2015/1/23,4774
2015/1/24,3504
2015/1/25,5210
2015/1/26,2448
2015/1/27,4102
2015/1/28,5131
2015/1/29,4679
2015/1/30,4905
2015/1/31,3371
2015/2/1,3621
2015/2/2,3911
2015/2/3,5162
2015/2/4,6138
2015/2/5,5076
2015/2/6,5006
2015/2/7,5036
2015/2/8,6829
2015/2/9,5017
2015/2/10,5768
2015/2/11,6708
2015/2/12,5509
2015/2/13,4078
2015/2/14,3004
2015/2/15,1055
2015/2/16,1335
2015/2/17,1198
2015/2/18,3183
2015/2/19,2720
2015/2/20,2517
2015/2/21,758
2015/2/22,2021
2015/2/23,3655
2015/2/24,3921
2015/2/25,5016
2015/2/26,3531
2015/2/27,4699
2015/2/28,3294
2015/3/1,802
2015/3/2,4118
2015/3/3,3884
2015/3/4,4187
2015/3/5,560
2015/3/6,1987
2015/3/7,3271
2015/3/8,5529
2015/3/9,8175
2015/3/10,4015
2015/3/11,7909
2015/3/12,9215
2015/3/13,8084
2015/3/14,3669
2015/3/15,6668
2015/3/16,9022
2015/3/17,9246
2015/3/18,7527
2015/3/19,8202
2015/3/20,2956
2015/3/21,9436
2015/3/22,8233
2015/3/23,8134
2015/3/24,7875
2015/3/25,7553
2015/3/26,8778
2015/3/27,6141
2015/3/28,4676
2015/3/29,5861
2015/3/30,9196
2015/3/31,8198
2015/4/1,9874
2015/4/2,11273
2015/4/3,6425
2015/4/4,10433
2015/4/5,10181
2015/4/6,12638
2015/4/7,11109
2015/4/8,7437
2015/4/9,7826
2015/4/10,9393
2015/4/11,16726
2015/4/12,15724
2015/4/13,12676
2015/4/14,3824
2015/4/15,11119
2015/4/16,11687
2015/4/17,12546
2015/4/18,16004
2015/4/19,10250
2015/4/20,9066
2015/4/21,11630
2015/4/22,10540
2015/4/23,10106
2015/4/24,10370
2015/4/25,7177
2015/4/26,10327
2015/4/27,8864
2015/4/28,10995
2015/4/29,11652
2015/4/30,10255
2015/5/1,10351
2015/5/2,12570
2015/5/3,12098
2015/5/4,11987
2015/5/5,11093
2015/5/6,11483
2015/5/7,12316
2015/5/8,13427
2015/5/9,12841
2015/5/10,11089
2015/5/11,12133
2015/5/12,12056
2015/5/13,11774
2015/5/14,12615
2015/5/15,13641
2015/5/16,11196
2015/5/17,10933
2015/5/18,10442
2015/5/19,12063
2015/5/20,12981
2015/5/21,6981
2015/5/22,12522
2015/5/23,12706
2015/5/24,13564
2015/5/25,11990
2015/5/26,11351
2015/5/27,11470
2015/5/28,11625
2015/5/29,12058
2015/5/30,12657
2015/5/31,10917
2015/6/1,8101
2015/6/2,8054
2015/6/3,9879
2015/6/4,6356
2015/6/5,11075
2015/6/6,12665
2015/6/7,11661
2015/6/8,9959
2015/6/9,11764
2015/6/10,11586
2015/6/11,11844
2015/6/12,10867
2015/6/13,11754
2015/6/14,9490
2015/6/15,9975
2015/6/16,11492
2015/6/17,11173
2015/6/18,9990
2015/6/19,12019
2015/6/20,9305
2015/6/21,8775
2015/6/22,11258
2015/6/23,9184
2015/6/24,12581
2015/6/25,11119
2015/6/26,13027
2015/6/27,3301
2015/6/28,11601
2015/6/29,12191
2015/6/30,11970
2015/7/1,11223
2015/7/2,11257
2015/7/3,12791
2015/7/4,10288
2015/7/5,12199
2015/7/6,10902
2015/7/7,12223
2015/7/8,9495
2015/7/9,11045
2015/7/10,13013
2015/7/11,12420
2015/7/12,11711
2015/7/13,10224
2015/7/14,11591
2015/7/15,12088
2015/7/16,13257
2015/7/17,12627
2015/7/18,11096
2015/7/19,10148
2015/7/20,10856
2015/7/21,11811
2015/7/22,12934
2015/7/23,12992
2015/7/24,13339
2015/7/25,12902
2015/7/26,11314
2015/7/27,10919
2015/7/28,11976
2015/7/29,12170
2015/7/30,10808
2015/7/31,12396
2015/8/1,12043
2015/8/2,11447
2015/8/3,12085
2015/8/4,11626
2015/8/5,12501
2015/8/6,12617
2015/8/7,12181
2015/8/8,12970
2015/8/9,11651
2015/8/10,10494
2015/8/11,11342
2015/8/12,12485
2015/8/13,12435
2015/8/14,12549
2015/8/15,12082
2015/8/16,10192
2015/8/17,10971
2015/8/18,11595
2015/8/19,11966
2015/8/20,10192
2015/8/21,12902
2015/8/22,12339
2015/8/23,10981
2015/8/24,10283
2015/8/25,12672
2015/8/26,12330
2015/8/27,12406
2015/8/28,12210
2015/8/29,11526
2015/8/30,10188
2015/8/31,11052
2015/9/1,11522
2015/9/2,11378
2015/9/3,11131
2015/9/4,11050
2015/9/5,10867
2015/9/6,12400
2015/9/7,10351
2015/9/8,10965
2015/9/9,11065
2015/9/10,10356
2015/9/11,12167
2015/9/12,6665
2015/9/13,10397
2015/9/14,11156
2015/9/15,11943
2015/9/16,11938
2015/9/17,11949
2015/9/18,11956
2015/9/19,11580
2015/9/20,10998
2015/9/21,7816
2015/9/22,11952
2015/9/23,12773
2015/9/24,12514
2015/9/25,11403
2015/9/26,11038
2015/9/27,9979
2015/9/28,11305
2015/9/29,7240
2015/9/30,10184
2015/10/1,4799
2015/10/2,2079
2015/10/3,4050
2015/10/4,6624
2015/10/5,10445
2015/10/6,11551
2015/10/7,11734
2015/10/8,11711
2015/10/9,10501
2015/10/10,10269
2015/10/11,10491
2015/10/12,10495
2015/10/13,10803
2015/10/14,11406
2015/10/15,11506
2015/10/16,11263
2015/10/17,8782
2015/10/18,6978
2015/10/19,9074
2015/10/20,10036
2015/10/21,10678
2015/10/22,11287
2015/10/23,11470
2015/10/24,9730
2015/10/25,8587
2015/10/26,9973
2015/10/27,9797
2015/10/28,5179
2015/10/29,10632
2015/10/30,9700
2015/10/31,8721
2015/11/1,7211
2015/11/2,9446
2015/11/3,10508
2015/11/4,10822
2015/11/5,10553
2015/11/6,11609
2015/11/7,5610
2015/11/8,8995
2015/11/9,6715
2015/11/10,5773
2015/11/11,8901
2015/11/12,8476
2015/11/13,9262
2015/11/14,7171
2015/11/15,7441
2015/11/16,9156
2015/11/17,9226
2015/11/18,9768
2015/11/19,6255
2015/11/20,9097
2015/11/21,7299
2015/11/22,4948
2015/11/23,6601
2015/11/24,7500
2015/11/25,6864
2015/11/26,3394
2015/11/27,6240
2015/11/28,6418
2015/11/29,2877
2015/11/30,4160
2015/12/1,3954
2015/12/2,5740
2015/12/3,7969
2015/12/4,7940
2015/12/5,7087
2015/12/6,5979
2015/12/7,7928
2015/12/8,8458
2015/12/9,7982
2015/12/10,8685
2015/12/11,8722
2015/12/12,8720
2015/12/13,8034
2015/12/14,6645
2015/12/15,8804
2015/12/16,8624
2015/12/17,4553
2015/12/18,6698
2015/12/19,4279
2015/12/20,4219
2015/12/21,6675
2015/12/22,4934
2015/12/23,2263
2015/12/24,2796
2015/12/25,1502
2015/12/26,2702
2015/12/27,4623
2015/12/28,4459
2015/12/29,5253
2015/12/30,5275
2015/12/31,5855
2016/1/1,3220
2016/1/2,4922
2016/1/3,4964
2016/1/4,5133
2016/1/5,4850
2016/1/6,5712
2016/1/7,6592
2016/1/8,6153
2016/1/9,5314
2016/1/10,5663
2016/1/11,6294
2016/1/12,6490
2016/1/13,5620
2016/1/14,7164
2016/1/15,5983
2016/1/16,5908
2016/1/17,3400
2016/1/18,2499
2016/1/19,3912
2016/1/20,4321
2016/1/21,4228
2016/1/22,2985
2016/1/27,528
2016/1/28,2022
2016/1/29,2942
2016/1/30,2822
2016/1/31,3611
2016/2/1,4604
2016/2/2,6584
2016/2/3,4243
2016/2/4,6691
2016/2/5,5822
2016/2/6,5042
2016/2/7,4664
2016/2/8,5994
2016/2/9,4053
2016/2/10,5493
2016/2/11,4246
2016/2/12,4363
2016/2/13,1535
2016/2/14,1851
2016/2/15,501
2016/2/16,3238
2016/2/17,6097
2016/2/18,5822
2016/2/19,5633
2016/2/20,8245
2016/2/21,4254
2016/2/22,7148
2016/2/23,2585
2016/2/24,3279
2016/2/25,6330
2016/2/26,5345
2016/2/27,5432
2016/2/28,8732
2016/2/29,7828
2016/3/1,8588
2016/3/2,5918
2016/3/3,5902
2016/3/4,5345
2016/3/5,5334
2016/3/6,5899
2016/3/7,9003
2016/3/8,10558
2016/3/9,11214
2016/3/10,10954
2016/3/11,11220
2016/3/12,10427
2016/3/13,5194
2016/3/14,7671
2016/3/15,8558
2016/3/16,13356
2016/3/17,10673
2016/3/18,11429
2016/3/19,3227
2016/3/20,4532
2016/3/21,7580
2016/3/22,9763
2016/3/23,12340
2016/3/24,13363
2016/3/25,12212
2016/3/26,14116
2016/3/27,8564
2016/3/28,8430
2016/3/29,10221
2016/3/30,10873
2016/3/31,11029
2016/4/1,10875
2016/4/2,9281
2016/4/3,6800
2016/4/4,7398
2016/4/5,7512
2016/4/6,9068
2016/4/7,5433
2016/4/8,9529
2016/4/9,4069
2016/4/10,7421
2016/4/11,9456
2016/4/12,8583
2016/4/13,10131
2016/4/14,10523
2016/4/15,11395
2016/4/16,13505
2016/4/17,12367
2016/4/18,11882
2016/4/19,11927
2016/4/20,11650
2016/4/21,11447
2016/4/22,11093
2016/4/23,8487
2016/4/24,11948
2016/4/25,11694
2016/4/26,11718
2016/4/27,8360
2016/4/28,5195
2016/4/29,8258
2016/4/30,8511
2016/5/1,4376
2016/5/2,8139
2016/5/3,8132
2016/5/4,9625
2016/5/5,8726
2016/5/6,3102
2016/5/7,9225
2016/5/8,10803
2016/5/9,9164
2016/5/10,10242
2016/5/11,7669
2016/5/12,10805
2016/5/13,10106
2016/5/14,9389
2016/5/15,8507
2016/5/16,11357
2016/5/17,5374
2016/5/18,10583
2016/5/19,11720
2016/5/20,13860
2016/5/21,4432
2016/5/22,2851
2016/5/23,8048
2016/5/24,13235
2016/5/25,12786
2016/5/26,12188
2016/5/27,12139
2016/5/28,11560
2016/5/29,9069
2016/5/30,9930
2016/5/31,11578
2016/6/1,12355
2016/6/2,12366
2016/6/3,8517
2016/6/4,11991
2016/6/5,9378
2016/6/6,12468
2016/6/7,13271
2016/6/8,13586
2016/6/9,13423
2016/6/10,13730
2016/6/11,11993
2016/6/12,11023
2016/6/13,13161
2016/6/14,13949
2016/6/15,12954
2016/6/16,11056
2016/6/17,13290
2016/6/18,13550
2016/6/19,11830
2016/6/20,12912
2016/6/21,9513
2016/6/22,13902
2016/6/23,9435
2016/6/24,12405
2016/6/25,13600
2016/6/26,12356
2016/6/27,11922
2016/6/28,11064
2016/6/29,13778
2016/6/30,13318
