date,mean_temperature,mean_dew,rides
9/15/10,74,53,1
9/16/10,79,62,1
9/17/10,73,59,9
9/19/10,73,58,11
9/20/10,73,49,238
9/21/10,68,50,335
9/22/10,80,64,406
9/23/10,82,66,380
9/24/10,86,65,370
9/25/10,84,59,555
9/26/10,70,55,547
9/27/10,71,68,292
9/28/10,75,64,420
9/29/10,65,58,454
9/30/10,74,69,165
10/1/10,68,54,588
10/2/10,62,45,858
10/3/10,60,51,516
10/4/10,54,48,336
10/5/10,57,43,636
10/6/10,58,44,689
10/7/10,64,47,888
10/8/10,66,45,950
10/9/10,69,50,1131
10/10/10,67,52,1114
10/11/10,75,58,985
10/12/10,73,56,1096
10/13/10,63,43,1139
10/14/10,57,53,583
10/15/10,58,39,1155
10/16/10,59,38,1401
10/17/10,62,45,1354
10/18/10,61,44,1151
10/19/10,58,49,1159
10/20/10,55,51,1156
10/21/10,60,44,1349
10/22/10,53,33,1393
10/23/10,56,42,1726
10/24/10,64,50,1575
10/25/10,67,60,1352
10/26/10,69,63,1572
10/27/10,72,68,1047
10/28/10,66,53,1714
10/29/10,53,32,1681
10/30/10,50,34,2342
10/31/10,57,37,1977
11/1/10,48,30,1474
11/2/10,46,30,1422
11/3/10,49,41,1507
11/4/10,50,47,602
11/5/10,52,38,1880
11/6/10,47,33,1844
11/7/10,45,30,1442
11/8/10,53,28,1623
11/9/10,54,36,1964
11/10/10,55,42,2075
11/11/10,53,34,2087
11/12/10,51,29,2059
11/13/10,53,33,2300
11/14/10,53,39,2039
11/15/10,54,47,1756
11/16/10,57,52,783
11/17/10,56,42,1948
11/18/10,51,34,1881
11/19/10,46,31,1981
11/20/10,53,37,2385
11/21/10,50,40,1777
11/22/10,55,48,1927
11/23/10,61,45,1789
11/24/10,49,26,1513
11/25/10,49,36,569
11/26/10,51,38,792
11/27/10,41,20,952
11/28/10,42,24,958
11/29/10,42,34,1508
11/30/10,56,50,1277
12/1/10,51,43,991
12/2/10,38,22,1486
12/3/10,39,23,1609
12/4/10,37,19,1221
12/5/10,37,17,1019
12/6/10,35,13,1194
12/7/10,32,10,1096
12/8/10,32,10,1152
12/9/10,32,13,1296
12/10/10,33,22,1307
12/11/10,39,30,1154
12/12/10,42,40,428
12/13/10,31,16,1051
12/14/10,25,5,859
12/15/10,28,5,1062
12/16/10,24,17,678
12/17/10,31,18,873
12/18/10,30,24,846
12/19/10,33,20,814
12/20/10,31,17,1046
12/21/10,35,18,1061
12/22/10,40,19,1112
12/23/10,38,19,747
12/24/10,36,18,352
12/25/10,34,22,191
12/26/10,31,21,92
12/27/10,32,9,308
12/28/10,37,11,705
12/29/10,39,21,946
12/30/10,38,25,1121
12/31/10,41,28,948
1/1/11,46,44,1968
1/2/11,47,40,1600
1/3/11,35,13,2694
1/4/11,34,21,3122
1/5/11,37,15,3194
1/6/11,35,18,3206
1/7/11,33,17,3012
1/8/11,30,19,1918
1/9/11,30,9,1642
1/10/11,30,12,2638
1/11/11,31,25,2520
1/12/11,32,19,2318
1/13/11,32,13,2798
1/14/11,30,15,2836
1/15/11,37,20,2496
1/16/11,37,18,2408
1/17/11,31,19,2000
1/18/11,33,31,1360
1/19/11,44,34,3298
1/20/11,40,24,3830
1/21/11,30,15,3074
1/22/11,23,1,1962
1/23/11,25,4,1972
1/24/11,25,9,2828
1/25/11,38,24,3964
1/26/11,35,32,1006
1/27/11,34,25,860
1/28/11,34,28,2330
1/29/11,33,23,2194
1/30/11,36,26,2186
1/31/11,33,19,2998
2/1/11,33,29,2720
2/2/11,43,33,3048
2/3/11,33,13,3090
2/4/11,35,22,3410
2/5/11,38,35,2010
2/6/11,43,27,3240
2/7/11,40,33,3408
2/8/11,33,18,3048
2/9/11,26,13,3194
2/10/11,29,8,3068
2/11/11,33,16,3478
2/12/11,35,19,2942
2/13/11,43,23,3176
2/14/11,57,26,3810
2/15/11,40,10,3616
2/16/11,45,23,4216
2/17/11,58,37,4938
2/18/11,65,40,5840
2/19/11,49,10,3268
2/20/11,41,19,3624
2/21/11,43,29,2210
2/22/11,32,21,2882
2/23/11,36,14,3816
2/24/11,42,35,3602
2/25/11,52,41,2908
2/26/11,42,26,3936
2/27/11,48,36,4802
2/28/11,57,50,2878
3/1/11,40,23,3686
3/2/11,49,23,4254
3/3/11,34,7,3354
3/4/11,40,27,3872
3/5/11,51,44,4146
3/6/11,46,47,1208
3/7/11,41,23,3734
3/8/11,42,19,4246
3/9/11,42,36,3762
3/10/11,51,52,1240
3/11/11,44,34,3942
3/12/11,46,32,4264
3/13/11,49,33,4826
3/14/11,45,26,4086
3/15/11,43,34,4092
3/16/11,49,42,4374
3/17/11,54,39,5472
3/18/11,64,46,6454
3/19/11,58,33,6222
3/20/11,46,26,4936
3/21/11,57,45,4146
3/22/11,56,42,5388
3/23/11,48,43,4234
3/24/11,41,37,3718
3/25/11,41,21,4398
3/26/11,40,16,4990
3/27/11,39,21,3382
3/28/11,39,10,4040
3/29/11,43,14,4840
3/30/11,43,33,3056
3/31/11,40,38,3348
4/1/11,44,34,4432
4/2/11,44,34,4504
4/3/11,50,30,6496
4/4/11,67,42,6214
4/5/11,57,45,3572
4/6/11,50,30,5594
4/7/11,57,41,6266
4/8/11,47,42,2934
4/9/11,47,43,4908
4/10/11,56,50,5784
4/11/11,70,58,6680
4/12/11,62,52,4050
4/13/11,54,48,4300
4/14/11,59,40,6502
4/15/11,57,45,6230
4/16/11,56,54,1590
4/17/11,57,36,7482
4/18/11,63,45,6834
4/19/11,62,50,6384
4/20/11,69,53,7866
4/21/11,57,33,8358
4/22/11,47,38,3352
4/23/11,57,50,8070
4/24/11,71,62,8376
4/25/11,71,62,8124
4/26/11,74,63,8754
4/27/11,73,66,7718
4/28/11,69,61,8088
4/29/11,62,40,9178
4/30/11,60,40,10624
5/1/11,56,49,6696
5/2/11,66,56,8770
5/3/11,72,60,8874
5/4/11,54,45,5248
5/5/11,57,34,8844
5/6/11,59,44,9186
5/7/11,62,44,9420
5/8/11,64,50,8664
5/9/11,63,48,8670
5/10/11,64,43,9562
5/11/11,68,51,8344
5/12/11,64,55,9710
5/13/11,62,58,8192
5/14/11,63,61,6804
5/15/11,69,62,9104
5/16/11,71,60,7900
5/17/11,68,61,8226
5/18/11,67,61,7686
5/19/11,65,57,9122
5/20/11,64,54,9812
5/21/11,70,56,11606
5/22/11,71,61,9308
5/23/11,74,66,8538
5/24/11,77,66,8974
5/25/11,75,64,9932
5/26/11,80,67,9328
5/27/11,77,65,9340
5/28/11,75,65,9512
5/29/11,76,70,9570
5/30/11,84,69,8184
5/31/11,86,71,7948
6/1/11,87,72,7930
6/2/11,79,46,9924
6/3/11,72,42,10596
6/4/11,73,49,10678
6/5/11,76,62,9804
6/6/11,77,60,9076
6/7/11,79,63,9640
6/8/11,86,69,8780
6/9/11,91,69,7822
6/10/11,84,67,9156
6/11/11,84,68,9928
6/12/11,81,69,8916
6/13/11,73,52,10024
6/14/11,71,51,9758
6/15/11,72,50,10334
6/16/11,75,62,7516
6/17/11,76,64,9664
6/18/11,79,66,10230
6/19/11,80,66,9484
6/20/11,74,64,8010
6/21/11,79,69,9644
6/22/11,82,71,8988
6/23/11,81,71,9564
6/24/11,82,63,9964
6/25/11,79,57,10398
6/26/11,77,57,10598
6/27/11,77,65,9396
6/28/11,85,69,9270
6/29/11,82,59,10434
6/30/11,78,53,11006
7/1/11,80,52,10702
7/2/11,82,56,10228
7/3/11,82,68,9296
7/4/11,82,67,12070
7/5/11,83,67,9304
7/6/11,81,71,9238
7/7/11,84,69,9156
7/8/11,81,71,8062
7/9/11,82,65,10660
7/10/11,83,66,9756
7/11/11,86,70,8156
7/12/11,87,69,8494
7/13/11,84,69,8666
7/14/11,77,55,10142
7/15/11,76,60,11056
7/16/11,77,61,11842
7/17/11,81,65,10594
7/18/11,83,69,8890
7/19/11,88,72,9066
7/20/11,86,74,8646
7/21/11,90,77,7548
7/22/11,93,74,6760
7/23/11,93,70,6564
7/24/11,91,71,7210
7/25/11,86,74,7668
7/26/11,86,64,9154
7/27/11,86,58,9288
7/28/11,87,69,8758
7/29/11,92,70,7688
7/30/11,89,64,8948
7/31/11,90,63,8600
8/1/11,88,65,8510
8/2/11,86,63,9670
8/3/11,82,69,7140
8/4/11,82,71,9138
8/5/11,80,66,9716
8/6/11,84,72,8584
8/7/11,87,74,7562
8/8/11,85,68,8630
8/9/11,86,68,9176
8/10/11,84,58,9534
8/11/11,81,54,9560
8/12/11,80,53,9788
8/13/11,80,69,8282
8/14/11,77,70,7638
8/15/11,77,65,8674
8/16/11,80,62,9430
8/17/11,81,64,9362
8/18/11,83,66,7594
8/19/11,79,66,8290
8/20/11,79,66,10380
8/21/11,83,72,7742
8/22/11,77,55,9508
8/23/11,72,51,11762
8/24/11,76,62,10228
8/25/11,78,71,7066
8/26/11,80,71,9310
8/27/11,76,71,2230
8/28/11,79,63,8662
8/29/11,74,56,9246
8/30/11,73,55,10388
8/31/11,74,59,10094
9/1/11,74,61,10200
9/2/11,74,64,9436
9/3/11,76,66,8960
9/4/11,80,70,9878
9/5/11,75,70,6702
9/6/11,66,61,5396
9/7/11,69,67,3974
9/8/11,75,71,3660
9/9/11,77,71,7068
9/10/11,76,67,10680
9/11/11,76,64,10076
9/12/11,74,62,9402
9/13/11,74,64,9492
9/14/11,78,65,9552
9/15/11,66,58,7292
9/16/11,58,43,9484
9/17/11,61,51,9018
9/18/11,62,51,8548
9/19/11,65,55,9052
9/20/11,68,62,7266
9/21/11,70,66,8686
9/22/11,73,69,9566
9/23/11,70,70,4772
9/24/11,71,66,10832
9/25/11,74,68,10016
9/26/11,75,69,9240
9/27/11,74,70,8214
9/28/11,74,68,7804
9/29/11,70,61,9672
9/30/11,69,54,10378
10/1/11,55,45,4848
10/2/11,49,42,5836
10/3/11,50,44,7122
10/4/11,65,49,8886
10/5/11,64,51,9630
10/6/11,60,46,9502
10/7/11,63,50,9942
10/8/11,64,51,10816
10/9/11,66,54,11018
10/10/11,70,57,10220
10/11/11,67,61,9100
10/12/11,65,62,4814
10/13/11,71,66,5806
10/14/11,65,58,7268
10/15/11,61,41,10428
10/16/11,61,42,10078
10/17/11,63,48,9130
10/18/11,64,53,9472
10/19/11,66,62,4834
10/20/11,60,48,8372
10/21/11,55,39,8592
10/22/11,55,41,8612
10/23/11,54,45,8758
10/24/11,58,50,8354
10/25/11,59,44,9352
10/26/11,60,51,7772
10/27/11,56,53,5304
10/28/11,47,32,7488
10/29/11,38,35,1254
10/30/11,45,31,6654
10/31/11,46,36,7322
11/1/11,53,41,8122
11/2/11,51,41,8352
11/3/11,54,43,7922
11/4/11,52,39,8078
11/5/11,46,28,7840
11/6/11,48,38,7296
11/7/11,54,43,8016
11/8/11,55,43,8394
11/9/11,53,44,8214
11/10/11,53,45,5852
11/11/11,44,24,6720
11/12/11,48,32,8130
11/13/11,54,34,7426
11/14/11,64,49,8938
11/15/11,63,53,8368
11/16/11,56,55,3626
11/17/11,46,31,6088
11/18/11,41,18,6772
11/19/11,46,28,7312
11/20/11,58,48,7028
11/21/11,57,53,5524
11/22/11,56,52,3202
11/23/11,55,49,5126
11/24/11,50,33,2988
11/25/11,51,37,5576
11/26/11,50,39,6132
11/27/11,59,47,6130
11/28/11,61,53,7706
11/29/11,57,51,5810
11/30/11,46,32,7210
12/1/11,45,28,7424
12/2/11,45,31,7858
12/3/11,43,30,7222
12/4/11,46,39,6966
12/5/11,51,46,7600
12/6/11,58,57,5172
12/7/11,49,52,1404
12/8/11,40,26,6626
12/9/11,43,33,7220
12/10/11,40,22,6368
12/11/11,36,18,5480
12/12/11,38,27,6584
12/13/11,41,27,7020
12/14/11,44,33,7450
12/15/11,53,42,7396
12/16/11,53,30,7112
12/17/11,38,24,5468
12/18/11,38,24,4850
12/19/11,41,29,6790
12/20/11,51,37,7482
12/21/11,54,52,5308
12/22/11,54,46,6120
12/23/11,49,42,4404
12/24/11,41,27,2020
12/25/11,41,31,1508
12/26/11,44,27,2632
12/27/11,47,43,2314
12/28/11,42,24,4594
12/29/11,38,25,4832
12/30/11,45,32,5982
12/31/11,54,39,4968
1/1/12,49,38,2294
1/2/12,41,16,1950
1/3/12,28,8,2233
1/4/12,26,7,2367
1/5/12,40,24,3269
1/6/12,48,29,4091
1/7/12,52,33,4520
1/8/12,45,26,3424
1/9/12,37,29,2370
1/10/12,43,31,3592
1/11/12,41,38,2174
1/12/12,51,43,4091
1/13/12,40,22,3207
1/14/12,33,13,2491
1/15/12,32,10,2306
1/16/12,34,19,2295
1/17/12,50,42,2931
1/18/12,43,20,3370
1/19/12,33,17,3285
1/20/12,34,17,3156
1/21/12,31,27,1300
1/22/12,31,25,1975
1/23/12,38,34,2429
1/24/12,47,41,4327
1/25/12,43,31,4259
1/26/12,48,41,4060
1/27/12,52,49,3449
1/28/12,44,26,4019
1/29/12,41,13,3240
1/30/12,41,17,3615
1/31/12,53,28,4501
2/1/12,60,40,4574
2/2/12,50,41,3754
2/3/12,45,27,4146
2/4/12,41,34,2831
2/5/12,40,30,2944
2/6/12,41,28,3779
2/7/12,48,29,4363
2/8/12,40,32,2794
2/9/12,40,24,3824
2/10/12,40,26,3822
2/11/12,33,29,2168
2/12/12,28,10,1529
2/13/12,37,14,3419
2/14/12,47,27,3909
2/15/12,48,31,4160
2/16/12,44,37,3000
2/17/12,47,35,4145
2/18/12,47,29,4316
2/19/12,40,26,2689
2/20/12,42,22,3127
2/21/12,41,29,3771
2/22/12,53,36,4767
2/23/12,57,40,5048
2/24/12,52,46,3480
2/25/12,41,19,2732
2/26/12,42,20,3389
2/27/12,50,29,4317
2/28/12,48,23,4353
2/29/12,48,45,1829
3/1/12,58,46,4978
3/2/12,48,39,3190
3/3/12,56,39,4061
3/4/12,44,21,3418
3/5/12,39,21,3331
3/6/12,39,21,3946
3/7/12,54,35,4907
3/8/12,64,47,5374
3/9/12,54,27,4561
3/10/12,42,16,4116
3/11/12,49,29,4906
3/12/12,59,39,5290
3/13/12,69,52,5833
3/14/12,68,46,6305
3/15/12,68,50,6183
3/16/12,55,50,4368
3/17/12,64,53,7832
3/18/12,60,52,5890
3/19/12,66,55,6146
3/20/12,67,60,6088
3/21/12,65,58,6221
3/22/12,69,59,6859
3/23/12,71,58,8351
3/24/12,63,58,3367
3/25/12,57,52,4993
3/26/12,51,32,5549
3/27/12,45,14,5093
3/28/12,59,41,5692
3/29/12,60,37,6126
3/30/12,49,35,5447
3/31/12,56,46,6233
4/1/12,56,44,6038
4/2/12,55,36,5920
4/3/12,58,31,6757
4/4/12,65,42,6419
4/5/12,55,29,6441
4/6/12,52,25,6453
4/7/12,54,20,6855
4/8/12,61,27,5168
4/9/12,61,29,5576
4/10/12,57,31,5907
4/11/12,48,28,4849
4/12/12,53,30,5396
4/13/12,56,31,6389
4/14/12,61,41,7458
4/15/12,72,51,7124
4/16/12,76,58,6361
4/17/12,69,42,6671
4/18/12,58,42,4360
4/19/12,61,46,6547
4/20/12,64,52,7273
4/21/12,70,55,6621
4/22/12,52,46,1023
4/23/12,46,38,3204
4/24/12,53,29,5621
4/25/12,58,34,6187
4/26/12,61,53,5020
4/27/12,56,31,6225
4/28/12,51,31,4220
4/29/12,59,41,6302
4/30/12,59,41,5569
5/1/12,72,59,5733
5/2/12,66,60,6158
5/3/12,69,58,6415
5/4/12,75,63,6288
5/5/12,74,63,6883
5/6/12,67,58,6355
5/7/12,65,52,6267
5/8/12,68,58,5719
5/9/12,67,59,4710
5/10/12,63,43,6563
5/11/12,63,35,7019
5/12/12,65,45,7427
5/13/12,71,55,6116
5/14/12,68,60,2842
5/15/12,73,64,5109
5/16/12,73,61,7412
5/17/12,69,49,7371
5/18/12,66,47,7631
5/19/12,70,47,8292
5/20/12,70,54,7124
5/21/12,71,64,4355
5/22/12,74,63,6060
5/23/12,74,64,5249
5/24/12,76,65,6759
5/25/12,79,68,6720
5/26/12,79,68,6533
5/27/12,79,67,6588
5/28/12,80,69,6038
5/29/12,81,68,5733
5/30/12,76,62,6840
5/31/12,77,54,7328
6/1/12,74,66,4118
6/2/12,68,50,8118
6/3/12,69,49,7641
6/4/12,69,49,6994
6/5/12,65,51,6997
6/6/12,67,51,7048
6/7/12,71,52,7489
6/8/12,73,51,7730
6/9/12,79,54,7496
6/10/12,81,61,6595
6/11/12,81,63,6655
6/12/12,74,70,4961
6/13/12,76,57,7416
6/14/12,76,58,7359
6/15/12,73,56,7656
6/16/12,73,52,7698
6/17/12,70,55,6968
6/18/12,67,59,5092
6/19/12,79,66,6812
6/20/12,86,69,6196
6/21/12,89,69,5891
6/22/12,86,68,5810
6/23/12,82,60,7452
6/24/12,83,60,6889
6/25/12,79,58,6769
6/26/12,72,44,7425
6/27/12,78,49,7323
6/28/12,83,56,6868
6/29/12,88,69,5455
6/30/12,85,67,5679
7/1/12,88,68,5531
7/2/12,87,62,6227
7/3/12,87,63,6660
7/4/12,87,67,7403
7/5/12,90,66,6241
7/6/12,91,64,6207
7/7/12,94,69,4840
7/8/12,90,72,4672
7/9/12,81,69,6569
7/10/12,81,68,6290
7/11/12,81,65,7264
7/12/12,80,61,7446
7/13/12,83,60,7499
7/14/12,80,68,6969
7/15/12,86,71,6031
7/16/12,86,70,6830
7/17/12,89,67,6786
7/18/12,91,69,5713
7/19/12,85,70,6591
7/20/12,76,71,5870
7/21/12,69,66,4459
7/22/12,76,67,7410
7/23/12,83,71,6966
7/24/12,84,70,7592
7/25/12,81,56,8173
7/26/12,87,69,6861
7/27/12,86,69,6904
7/28/12,86,68,6685
7/29/12,81,66,6597
7/30/12,82,69,7105
7/31/12,82,69,7216
8/1/12,82,68,7580
8/2/12,86,70,7261
8/3/12,86,70,7175
8/4/12,88,71,6824
8/5/12,88,71,5464
8/6/12,86,70,7013
8/7/12,84,71,7273
8/8/12,84,71,7534
8/9/12,86,68,7286
8/10/12,80,70,5786
8/11/12,80,69,6299
8/12/12,80,60,6544
8/13/12,81,62,6883
8/14/12,81,69,6784
8/15/12,80,65,7347
8/16/12,80,59,7605
8/17/12,83,63,7148
8/18/12,78,61,7865
8/19/12,74,64,4549
8/20/12,76,64,6530
8/21/12,76,62,7006
8/22/12,77,64,7375
8/23/12,80,64,7765
8/24/12,80,64,7582
8/25/12,77,65,6053
8/26/12,78,69,5255
8/27/12,80,69,6917
8/28/12,83,66,7040
8/29/12,78,59,7697
8/30/12,79,63,7713
8/31/12,85,66,7350
9/1/12,84,70,6140
9/2/12,79,72,5810
9/3/12,80,72,6034
9/4/12,83,72,6864
9/5/12,84,73,7112
9/6/12,79,72,6203
9/7/12,81,69,7503
9/8/12,79,68,5976
9/9/12,71,53,8227
9/10/12,69,48,7525
9/11/12,68,47,7767
9/12/12,71,53,7870
9/13/12,71,57,7804
9/14/12,74,61,8009
9/15/12,71,50,8714
9/16/12,68,51,7333
9/17/12,67,60,6869
9/18/12,73,68,4073
9/19/12,66,47,7591
9/20/12,65,51,7720
9/21/12,70,58,8167
9/22/12,76,61,8395
9/23/12,63,42,7907
9/24/12,63,42,7436
9/25/12,65,49,7538
9/26/12,75,60,7733
9/27/12,76,63,7393
9/28/12,73,60,7415
9/29/12,66,48,8555
9/30/12,64,47,6889
10/1/12,63,50,6778
10/2/12,69,66,4639
10/3/12,76,68,7572
10/4/12,74,64,7328
10/5/12,72,57,8156
10/6/12,67,53,7965
10/7/12,53,44,3510
10/8/12,50,41,5478
10/9/12,56,48,6392
10/10/12,63,49,7691
10/11/12,56,34,7570
10/12/12,57,37,7281
10/13/12,51,32,7109
10/14/12,64,50,6639
10/15/12,65,57,5875
10/16/12,57,42,7534
10/17/12,58,46,7461
10/18/12,63,53,7509
10/19/12,67,61,5424
10/20/12,60,43,8090
10/21/12,58,39,6824
10/22/12,61,42,7058
10/23/12,65,52,7466
10/24/12,72,55,7693
10/25/12,67,59,7359
10/26/12,66,59,7444
10/27/12,65,54,7852
10/28/12,58,48,4459
10/29/12,51,47,22
10/30/12,44,39,1096
10/31/12,49,37,5566
11/1/12,48,34,5986
11/2/12,48,31,5847
11/3/12,46,29,5138
11/4/12,46,29,5107
11/5/12,44,26,5259
11/6/12,41,27,5686
11/7/12,43,27,5035
11/8/12,48,19,5315
11/9/12,49,32,5992
11/10/12,52,38,6536
11/11/12,57,41,6852
11/12/12,61,52,6269
11/13/12,52,36,4094
11/14/12,43,27,5495
11/15/12,45,32,5445
11/16/12,48,30,5698
11/17/12,46,29,5629
11/18/12,47,37,4669
11/19/12,51,38,5499
11/20/12,51,39,5634
11/21/12,49,33,5146
11/22/12,48,31,2425
11/23/12,49,33,3910
11/24/12,43,18,2277
11/25/12,38,19,2424
11/26/12,44,27,5087
11/27/12,41,36,3959
11/28/12,44,24,5260
11/29/12,41,26,5323
11/30/12,44,31,5668
12/1/12,44,37,5191
12/2/12,47,41,4649
12/3/12,58,49,6234
12/4/12,61,50,6606
12/5/12,52,35,5729
12/6/12,40,22,5375
12/7/12,44,38,5008
12/8/12,51,48,5582
12/9/12,51,48,3228
12/10/12,56,53,5170
12/11/12,52,34,5501
12/12/12,43,27,5319
12/13/12,43,24,5532
12/14/12,41,30,5611
12/15/12,46,33,5047
12/16/12,49,44,3786
12/17/12,52,49,4585
12/18/12,53,41,5557
12/19/12,45,33,5267
12/20/12,47,36,4128
12/21/12,49,32,3623
12/22/12,40,20,1749
12/23/12,38,21,1787
12/24/12,36,31,920
12/25/12,43,34,1013
12/26/12,39,33,441
12/27/12,40,29,2114
12/28/12,41,25,3095
12/29/12,39,32,1341
12/30/12,37,20,1796
12/31/12,35,22,2729
1/1/13,42,28,1985
1/2/13,35,18,3703
1/3/13,34,17,3873
1/4/13,37,19,4118
1/5/13,39,22,3562
1/6/13,44,28,3790
1/7/13,42,25,4774
1/8/13,42,31,5311
1/9/13,44,36,5147
1/10/13,50,27,5415
1/11/13,42,37,4150
1/12/13,47,43,5628
1/13/13,49,47,4145
1/14/13,53,47,5059
1/15/13,40,36,2923
1/16/13,40,36,3511
1/17/13,43,33,4817
1/18/13,36,17,4512
1/19/13,44,25,4974
1/20/13,50,21,5768
1/21/13,40,18,4574
1/22/13,26,-4,2951
1/23/13,22,-1,3220
1/24/13,24,11,2448
1/25/13,22,8,2375
1/26/13,31,19,2765
1/27/13,33,19,3032
1/28/13,40,31,2733
1/29/13,55,44,5834
1/30/13,62,54,4687
1/31/13,49,31,4358
2/1/13,29,13,3201
2/2/13,26,15,2473
2/3/13,31,25,2586
2/4/13,32,14,3946
2/5/13,38,26,4613
2/6/13,42,25,4915
2/7/13,37,25,4488
2/8/13,39,32,3390
2/9/13,37,16,3466
2/10/13,36,17,3613
2/11/13,46,41,4268
2/12/13,50,26,5680
2/13/13,41,31,3556
2/14/13,43,29,5170
2/15/13,48,33,5358
2/16/13,37,29,3239
2/17/13,30,9,2508
2/18/13,32,9,3361
2/19/13,43,30,3960
2/20/13,34,12,4383
2/21/13,33,11,4147
2/22/13,33,23,3562
2/23/13,40,37,2575
2/24/13,45,31,4378
2/25/13,41,21,5002
2/26/13,40,36,2784
2/27/13,50,37,5440
2/28/13,46,28,5128
3/1/13,42,26,4941
3/2/13,36,20,3741
3/3/13,37,17,3095
3/4/13,38,14,4454
3/5/13,43,18,5217
3/6/13,38,33,1136
3/7/13,45,27,5043
3/8/13,45,25,4870
3/9/13,48,23,6835
3/10/13,50,28,6829
3/11/13,53,43,6087
3/12/13,51,48,4289
3/13/13,44,24,5742
3/14/13,41,14,4881
3/15/13,46,22,6384
3/16/13,51,37,6247
3/17/13,40,29,3984
3/18/13,37,33,2768
3/19/13,50,29,6001
3/20/13,47,11,5887
3/21/13,37,14,4541
3/22/13,39,14,5452
3/23/13,44,20,6542
3/24/13,39,25,3888
3/25/13,36,32,1933
3/26/13,43,29,5627
3/27/13,46,26,5856
3/28/13,45,26,5640
3/29/13,51,27,7443
3/30/13,51,28,9664
3/31/13,51,42,3821
4/1/13,55,37,6420
4/2/13,45,12,5946
4/3/13,44,13,6287
4/4/13,41,19,5872
4/5/13,53,32,7679
4/6/13,50,20,9346
4/7/13,57,35,9830
4/8/13,67,46,8550
4/9/13,73,51,9838
4/10/13,77,53,9639
4/11/13,72,56,9166
4/12/13,64,57,6064
4/13/13,60,40,11369
4/14/13,59,39,9695
4/15/13,60,46,6979
4/16/13,65,54,8315
4/17/13,71,58,8563
4/18/13,70,58,7761
4/19/13,66,60,6178
4/20/13,55,28,8882
4/21/13,49,24,7401
4/22/13,49,35,6794
4/23/13,56,40,7509
4/24/13,64,49,8552
4/25/13,56,34,8332
4/26/13,58,35,9074
4/27/13,61,39,10904
4/28/13,60,41,7921
4/29/13,58,53,4333
4/30/13,59,54,5405
5/1/13,61,41,8691
5/2/13,59,45,8592
5/3/13,59,42,8741
5/4/13,60,42,9586
5/5/13,56,41,8080
5/6/13,59,51,6565
5/7/13,63,58,4462
5/8/13,66,55,6669
5/9/13,67,56,7870
5/10/13,71,59,8957
5/11/13,72,62,6531
5/12/13,60,37,8103
5/13/13,55,25,7441
5/14/13,55,31,8122
5/15/13,72,51,8826
5/16/13,77,57,8971
5/17/13,73,51,10155
5/18/13,64,56,6405
5/19/13,69,62,6734
5/20/13,74,65,8454
5/21/13,75,67,9103
5/22/13,78,69,8987
5/23/13,75,66,8136
5/24/13,58,47,6698
5/25/13,57,31,8039
5/26/13,63,33,9960
5/27/13,63,41,9067
5/28/13,74,60,7605
5/29/13,80,65,9357
5/30/13,80,66,8825
5/31/13,81,64,9190
6/1/13,82,65,9568
6/2/13,79,66,7746
6/3/13,76,65,7475
6/4/13,70,45,10032
6/5/13,70,52,10075
6/6/13,70,60,6925
6/7/13,71,67,2509
6/8/13,75,61,9863
6/9/13,76,65,9341
6/10/13,75,70,4429
6/11/13,77,63,9271
6/12/13,81,63,9269
6/13/13,81,66,7340
6/14/13,72,52,9900
6/15/13,74,54,10546
6/16/13,78,63,8816
6/17/13,80,68,8703
6/18/13,73,68,7208
6/19/13,73,60,10136
6/20/13,73,59,10267
6/21/13,74,54,10422
6/22/13,77,64,10913
6/23/13,79,69,7276
6/24/13,82,71,8134
6/25/13,83,68,9276
6/26/13,82,69,8611
6/27/13,78,70,8889
6/28/13,79,69,6377
6/29/13,79,66,10620
6/30/13,82,73,7181
7/1/13,79,71,7944
7/2/13,79,72,7953
7/3/13,81,72,7818
7/4/13,83,72,10832
7/5/13,83,72,10652
7/6/13,85,72,8981
7/7/13,83,70,6949
7/8/13,80,68,8172
7/9/13,81,71,8848
7/10/13,83,73,8209
7/11/13,81,70,8942
7/12/13,73,67,5792
7/13/13,79,70,9372
7/14/13,82,73,8497
7/15/13,86,71,8108
7/16/13,88,70,8515
7/17/13,89,71,8720
7/18/13,88,75,7902
7/19/13,88,75,8087
7/20/13,87,72,8706
7/21/13,86,69,8538
7/22/13,83,72,8796
7/23/13,83,69,9335
7/24/13,80,63,9856
7/25/13,74,56,10228
7/26/13,76,59,10370
7/27/13,79,67,8474
7/28/13,78,68,8242
7/29/13,76,57,9328
7/30/13,76,56,9980
7/31/13,77,65,8773
8/1/13,77,69,7844
8/2/13,80,63,9940
8/3/13,76,64,8532
8/4/13,76,57,10511
8/5/13,73,54,10162
8/6/13,72,64,8469
8/7/13,79,68,9827
8/8/13,82,72,8972
8/9/13,86,71,9545
8/10/13,80,66,10162
8/11/13,80,67,9596
8/12/13,83,67,9613
8/13/13,80,69,8395
8/14/13,70,50,10497
8/15/13,70,50,10800
8/16/13,72,54,10889
8/17/13,72,57,11168
8/18/13,71,61,5835
8/19/13,70,63,9066
8/20/13,79,67,9692
8/21/13,81,71,9241
8/22/13,83,67,9650
8/23/13,73,63,7699
8/24/13,75,58,10990
8/25/13,74,57,9584
8/26/13,77,59,9385
8/27/13,84,66,9622
8/28/13,79,70,7735
8/29/13,81,69,9435
8/30/13,80,67,9748
8/31/13,83,69,9479
9/1/13,83,69,9300
9/2/13,83,70,8122
9/3/13,79,60,8944
9/4/13,75,53,9826
9/5/13,78,55,10007
9/6/13,70,47,10258
9/7/13,71,57,10236
9/8/13,80,62,9516
9/9/13,73,60,9141
9/10/13,83,70,9570
9/11/13,85,72,9267
9/12/13,83,69,7079
9/13/13,72,56,10056
9/14/13,65,44,11269
9/15/13,66,51,9855
9/16/13,70,56,8359
9/17/13,63,43,9968
9/18/13,63,47,10059
9/19/13,67,54,10461
9/20/13,72,57,10676
9/21/13,72,62,6919
9/22/13,67,53,9442
9/23/13,62,43,9067
9/24/13,63,45,9606
9/25/13,66,46,9615
9/26/13,68,52,9893
9/27/13,67,55,9989
9/28/13,67,53,10190
9/29/13,66,53,9365
9/30/13,66,52,9132
10/1/13,72,57,10358
10/2/13,76,59,10385
10/3/13,76,62,10157
10/4/13,78,64,10263
10/5/13,79,66,10586
10/6/13,80,65,9776
10/7/13,68,62,5880
10/8/13,62,46,9944
10/9/13,60,49,6438
10/10/13,58,54,2532
10/11/13,62,60,1800
10/12/13,66,59,5261
10/13/13,63,57,6027
10/14/13,64,53,8940
10/15/13,64,52,9381
10/16/13,68,59,9729
10/17/13,70,61,9548
10/18/13,61,43,10373
10/19/13,60,51,9415
10/20/13,58,36,8594
10/21/13,57,43,9056
10/22/13,60,45,9074
10/23/13,54,36,7970
10/24/13,48,29,7897
10/25/13,48,29,7953
10/26/13,46,29,7983
10/27/13,53,35,8022
10/28/13,55,39,8603
10/29/13,55,41,9134
10/30/13,59,52,8144
10/31/13,62,56,8429
11/1/13,67,59,8180
11/2/13,62,45,9490
11/3/13,52,32,7735
11/4/13,43,22,6954
11/5/13,50,38,8223
11/6/13,61,49,8877
11/7/13,55,47,8065
11/8/13,45,23,7588
11/9/13,45,28,7618
11/10/13,54,29,7260
11/11/13,49,29,7264
11/12/13,44,22,6162
11/13/13,39,17,6544
11/14/13,42,24,7359
11/15/13,48,31,7754
11/16/13,51,47,6891
11/17/13,59,53,7025
11/18/13,62,40,8350
11/19/13,47,25,7522
11/20/13,43,24,7409
11/21/13,44,34,7588
11/22/13,55,45,8230
11/23/13,47,25,6180
11/24/13,30,4,3227
11/25/13,31,8,5360
11/26/13,42,32,1901
11/27/13,37,31,2264
11/28/13,34,15,1603
11/29/13,37,20,2956
11/30/13,34,20,3042
12/1/13,39,28,3727
12/2/13,46,35,6385
12/3/13,49,36,7523
12/4/13,49,42,7674
12/5/13,59,54,8243
12/6/13,53,48,2976
12/7/13,39,31,4931
12/8/13,32,26,1376
12/9/13,35,32,3473
12/10/13,36,29,2724
12/11/13,34,21,5530
12/12/13,31,13,5133
12/13/13,35,17,5686
12/14/13,38,32,2828
12/15/13,42,30,4354
12/16/13,36,23,5669
12/17/13,38,29,5407
12/18/13,38,24,5840
12/19/13,46,27,6716
12/20/13,52,34,6575
12/21/13,62,49,6495
12/22/13,65,58,2849
12/23/13,53,53,2031
12/24/13,35,18,2369
12/25/13,28,11,1012
12/26/13,36,22,2469
12/27/13,40,25,3619
12/28/13,44,28,4450
12/29/13,47,40,1460
12/30/13,42,31,4400
12/31/13,40,19,4166
1/1/14,39,24,3041
1/2/14,36,31,3356
1/3/14,26,10,1634
1/4/14,26,11,2281
1/5/14,37,32,2080
1/6/14,30,30,3553
1/7/14,14,-11,2330
1/8/14,22,2,3976
1/9/14,35,19,4992
1/10/14,34,32,1861
1/11/14,48,42,1984
1/12/14,34,30,5467
1/13/14,47,34,6919
1/14/14,48,42,5126
1/15/14,45,37,6510
1/16/14,38,21,6067
1/17/14,40,28,6185
1/18/14,33,16,3352
1/19/14,38,18,4145
1/20/14,49,25,5368
1/21/14,29,20,1766
1/22/14,14,-4,1463
1/23/14,20,1,2450
1/24/14,18,-3,2651
1/25/14,29,8,2293
1/26/14,27,10,2588
1/27/14,39,17,4535
1/28/14,18,-4,3160
1/29/14,20,0,3185
1/30/14,25,4,4209
1/31/14,38,13,5479
2/1/14,41,22,5409
2/2/14,49,30,5471
2/3/14,42,34,2493
2/4/14,35,24,5226
2/5/14,39,31,3800
2/6/14,34,15,5243
2/7/14,37,18,5447
2/8/14,33,13,4079
2/9/14,33,23,3146
2/10/14,30,13,4482
2/11/14,29,7,4783
2/12/14,25,13,3987
2/13/14,33,29,56
2/14/14,43,25,1949
2/15/14,36,26,1781
2/16/14,33,14,2876
2/17/14,32,11,3349
2/18/14,44,26,5154
2/19/14,49,36,5682
2/20/14,47,31,6631
2/21/14,55,43,5844
2/22/14,49,30,7896
2/23/14,55,30,6152
2/24/14,41,16,5459
2/25/14,35,20,4595
2/26/14,33,19,3958
2/27/14,32,8,4940
2/28/14,22,-5,4143
3/1/14,35,15,4604
3/2/14,45,33,3531
3/3/14,28,18,429
3/4/14,24,4,2279
3/5/14,35,15,4554
3/6/14,31,16,4875
3/7/14,39,25,5114
3/8/14,50,31,8494
3/9/14,47,25,5979
3/10/14,50,28,6831
3/11/14,58,36,8446
3/12/14,51,41,6288
3/13/14,30,3,4022
3/14/14,44,16,7035
3/15/14,59,24,10471
3/16/14,40,26,4871
3/17/14,30,22,1296
3/18/14,37,22,4707
3/19/14,40,36,3791
3/20/14,52,34,7602
3/21/14,51,32,7757
3/22/14,59,34,10969
3/23/14,43,23,5364
3/24/14,35,8,5435
3/25/14,34,28,3119
3/26/14,35,14,4980
3/27/14,40,17,6512
3/28/14,57,44,6741
3/29/14,58,55,2298
3/30/14,45,39,906
3/31/14,55,30,8268
4/1/14,56,34,9476
4/2/14,57,42,8987
4/3/14,61,45,9188
4/4/14,57,45,8972
4/5/14,53,35,10841
4/6/14,51,22,9932
4/7/14,48,45,2842
4/8/14,60,47,8957
4/9/14,57,33,9993
4/10/14,59,35,11355
4/11/14,71,44,11539
4/12/14,67,44,15755
4/13/14,70,53,14578
4/14/14,73,55,10724
4/15/14,55,52,1842
4/16/14,43,18,7851
4/17/14,48,30,8713
4/18/14,48,32,9428
4/19/14,59,36,12024
4/20/14,56,36,9627
4/21/14,57,35,9750
4/22/14,62,51,9205
4/23/14,55,34,9029
4/24/14,56,26,9985
4/25/14,59,43,7658
4/26/14,64,44,11627
4/27/14,60,35,11161
4/28/14,56,43,6487
4/29/14,48,47,3148
4/30/14,60,56,1816
5/1/14,67,55,9690
5/2/14,64,38,10449
5/3/14,66,43,11302
5/4/14,68,41,10642
5/5/14,58,37,8169
5/6/14,64,47,10530
5/7/14,60,47,8649
5/8/14,73,58,10523
5/9/14,69,60,10539
5/10/14,73,62,8329
5/11/14,72,54,11092
5/12/14,75,63,9516
5/13/14,78,65,10046
5/14/14,64,60,9815
5/15/14,74,66,9487
5/16/14,64,55,8117
5/17/14,61,41,11334
5/18/14,61,38,10328
5/19/14,62,38,10534
5/20/14,67,47,10956
5/21/14,72,59,8601
5/22/14,77,61,10450
5/23/14,71,47,10532
5/24/14,68,48,10644
5/25/14,72,50,12206
5/26/14,76,58,10809
5/27/14,81,65,8327
5/28/14,75,64,10030
5/29/14,60,55,5366
5/30/14,68,55,10930
5/31/14,71,49,12209
6/1/14,68,52,11075
6/2/14,70,54,10466
6/3/14,77,64,10519
6/4/14,80,63,10275
6/5/14,74,60,10854
6/6/14,72,50,11956
6/7/14,75,55,12002
6/8/14,76,61,10740
6/9/14,78,68,10623
6/10/14,81,70,9619
6/11/14,80,69,8734
6/12/14,76,69,9314
6/13/14,78,68,9590
6/14/14,72,54,12046
6/15/14,72,55,11187
6/16/14,79,64,10624
6/17/14,85,69,10623
6/18/14,86,69,10106
6/19/14,81,67,10570
6/20/14,79,57,11780
6/21/14,72,59,9939
6/22/14,75,62,10948
6/23/14,77,60,10984
6/24/14,78,64,11301
6/25/14,82,71,10311
6/26/14,82,64,11087
6/27/14,80,65,10749
6/28/14,78,59,10974
6/29/14,78,56,10934
6/30/14,81,65,10593
7/1/14,85,70,10600
7/2/14,88,71,9699
7/3/14,84,71,8696
7/4/14,76,59,12024
7/5/14,75,48,12927
7/6/14,77,57,11033
7/7/14,84,62,10165
7/8/14,84,65,8629
7/9/14,81,68,8900
7/10/14,78,66,8800
7/11/14,79,65,11346
7/12/14,82,68,11611
7/13/14,85,69,9434
7/14/14,85,71,8610
7/15/14,81,70,7929
7/16/14,77,58,11425
7/17/14,75,53,11709
7/18/14,77,54,11784
7/19/14,79,58,11898
7/20/14,79,65,10933
7/21/14,80,65,11127
7/22/14,81,68,11307
7/23/14,85,69,10315
7/24/14,77,63,10803
7/25/14,75,55,12421
7/26/14,80,65,12118
7/27/14,80,69,10089
7/28/14,79,62,10774
7/29/14,72,50,11444
7/30/14,70,52,11501
7/31/14,78,61,11106
8/1/14,74,65,9974
8/2/14,76,63,10919
8/3/14,78,67,9919
8/4/14,79,64,10999
8/5/14,81,64,10828
8/6/14,78,64,11109
8/7/14,79,59,11175
8/8/14,77,57,11371
8/9/14,79,64,10457
8/10/14,80,63,10782
8/11/14,78,62,9687
8/12/14,76,69,6030
8/13/14,78,62,11019
8/14/14,75,53,11131
8/15/14,72,49,12048
8/16/14,75,52,12360
8/17/14,80,64,10681
8/18/14,78,63,10842
8/19/14,80,67,10646
8/20/14,81,64,9256
8/21/14,81,68,9850
8/22/14,79,68,10354
8/23/14,74,66,6513
8/24/14,75,60,10933
8/25/14,75,59,10860
8/26/14,78,61,10988
8/27/14,79,65,11248
8/28/14,79,60,11171
8/29/14,75,52,11733
8/30/14,78,65,10309
8/31/14,87,71,9026
9/1/14,86,72,8405
9/2/14,86,71,8717
9/3/14,83,66,10544
9/4/14,83,68,10929
9/5/14,85,72,11109
9/6/14,85,70,9436
9/7/14,77,58,11365
9/8/14,74,59,10493
9/9/14,75,63,11090
9/10/14,77,63,11371
9/11/14,82,67,11108
9/12/14,74,55,12283
9/13/14,68,59,8302
9/14/14,65,48,12051
9/15/14,68,53,11477
9/16/14,72,55,12262
9/17/14,69,50,11764
9/18/14,73,56,11627
9/19/14,70,56,11972
9/20/14,74,59,12835
9/21/14,75,60,10868
9/22/14,68,45,11140
9/23/14,65,43,11730
9/24/14,66,54,9397
9/25/14,66,60,6717
9/26/14,70,55,12287
9/27/14,73,54,12781
9/28/14,72,58,11034
9/29/14,70,62,10739
9/30/14,73,62,11764
10/1/14,72,61,10657
10/2/14,71,58,11834
10/3/14,69,60,11047
10/4/14,61,53,10754
10/5/14,55,36,9763
10/6/14,63,45,10761
10/7/14,69,54,9581
10/8/14,70,50,11365
10/9/14,66,45,11356
10/10/14,61,49,8243
10/11/14,58,51,5774
10/12/14,59,47,9527
10/13/14,65,59,6695
10/14/14,73,64,11020
10/15/14,71,65,6157
10/16/14,64,56,10182
10/17/14,66,53,12074
10/18/14,65,46,10940
10/19/14,56,34,8221
10/20/14,58,43,9532
10/21/14,64,49,7565
10/22/14,57,49,4444
10/23/14,61,42,9848
10/24/14,63,39,10563
10/25/14,62,42,11335
10/26/14,62,33,10358
10/27/14,59,39,10622
10/28/14,69,50,11707
10/29/14,61,52,9506
10/30/14,56,39,10147
10/31/14,53,36,9666
11/1/14,51,37,6130
11/2/14,49,24,5698
11/3/14,55,22,8661
11/4/14,58,37,9921
11/5/14,61,44,9241
11/6/14,60,50,7390
11/7/14,51,32,8782
11/8/14,45,27,7652
11/9/14,53,36,7942
11/10/14,54,40,9408
11/11/14,58,51,10891
11/12/14,57,49,9629
11/13/14,44,29,7193
11/14/14,40,19,7077
11/15/14,40,18,6016
11/16/14,43,26,4783
11/17/14,47,40,4133
11/18/14,34,5,5571
11/19/14,31,8,6037
11/20/14,46,18,7297
11/21/14,35,8,6413
11/22/14,39,18,5627
11/23/14,48,34,5647
11/24/14,65,55,9270
11/25/14,59,38,8204
11/26/14,44,35,1447
11/27/14,44,30,1871
11/28/14,38,19,2647
11/29/14,42,24,3696
11/30/14,54,37,5024
12/1/14,58,44,6382
12/2/14,42,33,2682
12/3/14,48,39,6947
12/4/14,42,27,7391
12/5/14,42,33,6033
12/6/14,49,43,2704
12/7/14,44,24,5314
12/8/14,37,22,6072
12/9/14,41,33,3320
12/10/14,46,29,6749
12/11/14,41,16,6377
12/12/14,42,20,6833
12/13/14,40,26,5679
12/14/14,46,33,5311
12/15/14,49,38,7707
12/16/14,45,41,6008
12/17/14,49,33,7434
12/18/14,40,21,6370
12/19/14,39,22,5918
12/20/14,35,20,3889
12/21/14,40,24,3619
12/22/14,37,31,3001
12/23/14,44,41,3755
12/24/14,53,47,1224
12/25/14,54,38,1662
12/26/14,44,32,2948
12/27/14,48,33,4219
12/28/14,52,41,2888
12/29/14,46,29,5188
12/30/14,38,19,5343
12/31/14,34,13,4254
1/1/15,37,16,2611
1/2/15,42,24,5155
1/3/15,38,35,1718
1/4/15,55,45,3711
1/5/15,41,12,5262
1/6/15,28,16,2086
1/7/15,23,5,3063
1/8/15,19,-4,2976
1/9/15,34,7,4237
1/10/15,25,-1,2694
1/11/15,32,14,3486
1/12/15,39,33,2168
1/13/15,36,19,5520
1/14/15,30,19,4598
1/15/15,37,23,5812
1/16/15,38,23,5729
1/17/15,34,16,4265
1/18/15,40,34,2548
1/19/15,42,26,4687
1/20/15,41,28,6316
1/21/15,37,29,5402
1/22/15,43,29,6424
1/23/15,37,29,4774
1/24/15,41,32,3504
1/25/15,44,29,5210
1/26/15,38,29,2448
1/27/15,34,21,4102
1/28/15,32,8,5131
1/29/15,33,16,4679
1/30/15,33,18,4905
1/31/15,28,6,3371
2/1/15,36,20,3621
2/2/15,39,27,3911
2/3/15,32,8,5162
2/4/15,42,23,6138
2/5/15,33,11,5076
2/6/15,28,4,5006
2/7/15,38,17,5036
2/8/15,52,27,6829
2/9/15,40,32,5017
2/10/15,37,26,5768
2/11/15,38,20,6708
2/12/15,32,19,5509
2/13/15,23,-1,4078
2/14/15,32,13,3004
2/15/15,17,-9,1055
2/16/15,15,2,1335
2/17/15,24,11,1198
2/18/15,24,12,3183
2/19/15,16,-5,2720
2/20/15,14,-9,2517
2/21/15,25,17,758
2/22/15,14,31,2021
2/23/15,30,10,3655
2/24/15,22,2,3921
2/25/15,32,15,5016
2/26/15,35,24,3531
2/27/15,32,15,4699
2/28/15,27,4,3294
3/1/15,29,23,802
3/2/15,40,26,4118
3/3/15,36,21,3884
3/4/15,45,41,4187
3/5/15,34,27,560
3/6/15,23,6,1987
3/7/15,34,18,3271
3/8/15,46,27,5529
3/9/15,50,30,8175
3/10/15,45,41,4015
3/11/15,57,44,7909
3/12/15,52,24,9215
3/13/15,46,23,8084
3/14/15,53,47,3669
3/15/15,51,34,6668
3/16/15,54,35,9022
3/17/15,57,35,9246
3/18/15,45,11,7527
3/19/15,46,21,8202
3/20/15,41,32,2956
3/21/15,48,36,9436
3/22/15,51,25,8233
3/23/15,44,15,8134
3/24/15,42,19,7875
3/25/15,45,30,7553
3/26/15,63,50,8778
3/27/15,47,34,6141
3/28/15,37,13,4676
3/29/15,39,9,5861
3/30/15,54,25,9196
3/31/15,58,33,8198
4/1/15,58,28,9874
4/2/15,58,35,11273
4/3/15,67,54,6425
4/4/15,57,33,10433
4/5/15,55,23,10181
4/6/15,63,39,12638
4/7/15,63,56,11109
4/8/15,49,44,7437
4/9/15,48,42,7826
4/10/15,57,48,9393
4/11/15,60,33,16726
4/12/15,57,33,15724
4/13/15,66,46,12676
4/14/15,61,55,3824
4/15/15,60,38,11119
4/16/15,63,42,11687
4/17/15,69,58,12546
4/18/15,73,52,16004
4/19/15,62,46,10250
4/20/15,70,60,9066
4/21/15,63,39,11630
4/22/15,63,40,10540
4/23/15,53,26,10106
4/24/15,52,21,10370
4/25/15,49,33,7177
4/26/15,56,37,10327
4/27/15,55,35,8864
4/28/15,60,39,10995
4/29/15,65,43,11652
4/30/15,65,49,10255
5/1/15,59,47,10351
5/2/15,65,45,12570
5/3/15,70,47,12098
5/4/15,70,53,11987
5/5/15,75,60,11093
5/6/15,74,62,11483
5/7/15,72,58,12316
5/8/15,74,60,13427
5/9/15,74,63,12841
5/10/15,77,67,11089
5/11/15,77,68,12133
5/12/15,81,60,12056
5/13/15,64,42,11774
5/14/15,63,40,12615
5/15/15,68,51,13641
5/16/15,78,64,11196
5/17/15,79,68,10933
5/18/15,82,69,10442
5/19/15,81,65,12063
5/20/15,69,46,12981
5/21/15,58,47,6981
5/22/15,66,44,12522
5/23/15,65,36,12706
5/24/15,70,55,13564
5/25/15,76,60,11990
5/26/15,79,65,11351
5/27/15,83,68,11470
5/28/15,83,67,11625
5/29/15,81,68,12058
5/30/15,81,67,12657
5/31/15,83,68,10917
6/1/15,82,68,8101
6/2/15,66,62,8054
6/3/15,62,55,9879
6/4/15,62,57,6356
6/5/15,68,59,11075
6/6/15,75,63,12665
6/7/15,73,60,11661
6/8/15,77,65,9959
6/9/15,81,62,11764
6/10/15,76,61,11586
6/11/15,82,69,11844
6/12/15,86,72,10867
6/13/15,84,70,11754
6/14/15,86,72,9490
6/15/15,86,73,9975
6/16/15,87,71,11492
6/17/15,79,66,11173
6/18/15,82,70,9990
6/19/15,81,69,12019
6/20/15,84,72,9305
6/21/15,85,71,8775
6/22/15,86,67,11258
6/23/15,86,72,9184
6/24/15,78,61,12581
6/25/15,79,64,11119
6/26/15,76,65,13027
6/27/15,74,68,3301
6/28/15,75,61,11601
6/29/15,74,57,12191
6/30/15,80,69,11970
7/1/15,79,67,11223
7/2/15,73,66,11257
7/3/15,75,65,12791
7/4/15,79,70,10288
7/5/15,79,69,12199
7/6/15,83,72,10902
7/7/15,83,71,12223
7/8/15,85,73,9495
7/9/15,85,73,11045
7/10/15,83,65,13013
7/11/15,82,67,12420
7/12/15,79,64,11711
7/13/15,78,69,10224
7/14/15,83,72,11591
7/15/15,80,67,12088
7/16/15,77,57,13257
7/17/15,78,67,12627
7/18/15,83,73,11096
7/19/15,89,75,10148
7/20/15,90,73,10856
7/21/15,86,71,11811
7/22/15,81,58,12934
7/23/15,80,57,12992
7/24/15,80,57,13339
7/25/15,81,64,12902
7/26/15,83,66,11314
7/27/15,82,71,10919
7/28/15,86,73,11976
7/29/15,85,74,12170
7/30/15,85,74,10808
7/31/15,83,61,12396
8/1/15,83,63,12043
8/2/15,82,60,11447
8/3/15,83,66,12085
8/4/15,86,66,11626
8/5/15,84,63,12501
8/6/15,80,61,12617
8/7/15,77,64,12181
8/8/15,81,61,12970
8/9/15,81,64,11651
8/10/15,76,68,10494
8/11/15,82,70,11342
8/12/15,78,59,12485
8/13/15,77,54,12435
8/14/15,76,59,12549
8/15/15,79,63,12082
8/16/15,82,65,10192
8/17/15,84,69,10971
8/18/15,82,71,11595
8/19/15,84,71,11966
8/20/15,80,73,10192
8/21/15,79,61,12902
8/22/15,76,56,12339
8/23/15,75,58,10981
8/24/15,81,68,10283
8/25/15,77,59,12672
8/26/15,75,54,12330
8/27/15,73,56,12406
8/28/15,74,59,12210
8/29/15,78,63,11526
8/30/15,78,66,10188
8/31/15,81,67,11052
9/1/15,83,69,11522
9/2/15,85,69,11378
9/3/15,85,69,11131
9/4/15,84,69,11050
9/5/15,80,67,10867
9/6/15,78,58,12400
9/7/15,80,66,10351
9/8/15,82,70,10965
9/9/15,85,72,11065
9/10/15,77,70,10356
9/11/15,76,59,12167
9/12/15,71,67,6665
9/13/15,67,50,10397
9/14/15,68,46,11156
9/15/15,72,53,11943
9/16/15,73,57,11938
9/17/15,75,59,11949
9/18/15,76,60,11956
9/19/15,77,66,11580
9/20/15,75,57,10998
9/21/15,67,55,7816
9/22/15,69,58,11952
9/23/15,70,53,12773
9/24/15,70,53,12514
9/25/15,68,58,11403
9/26/15,69,55,11038
9/27/15,69,59,9979
9/28/15,75,66,11305
9/29/15,76,72,7240
9/30/15,71,68,10184
10/1/15,60,56,4799
10/2/15,54,51,2079
10/3/15,54,54,4050
10/4/15,57,52,6624
10/5/15,61,49,10445
10/6/15,64,51,11551
10/7/15,68,57,11734
10/8/15,68,57,11711
10/9/15,71,63,10501
10/10/15,59,46,10269
10/11/15,59,48,10491
10/12/15,63,52,10495
10/13/15,69,57,10803
10/14/15,63,47,11406
10/15/15,61,44,11506
10/16/15,59,40,11263
10/17/15,52,33,8782
10/18/15,46,28,6978
10/19/15,47,33,9074
10/20/15,56,42,10036
10/21/15,61,48,10678
10/22/15,63,51,11287
10/23/15,61,46,11470
10/24/15,55,45,9730
10/25/15,63,50,8587
10/26/15,54,37,9973
10/27/15,52,46,9797
10/28/15,63,64,5179
10/29/15,65,55,10632
10/30/15,54,37,9700
10/31/15,52,40,8721
11/1/15,59,53,7211
11/2/15,59,52,9446
11/3/15,59,48,10508
11/4/15,62,49,10822
11/5/15,65,60,10553
11/6/15,70,63,11609
11/7/15,63,51,5610
11/8/15,51,33,8995
11/9/15,47,42,6715
11/10/15,56,55,5773
11/11/15,58,45,8901
11/12/15,58,48,8476
11/13/15,56,28,9262
11/14/15,48,25,7171
11/15/15,50,32,7441
11/16/15,56,37,9156
11/17/15,54,43,9226
11/18/15,56,49,9768
11/19/15,62,61,6255
11/20/15,51,25,9097
11/21/15,47,34,7299
11/22/15,43,28,4948
11/23/15,37,18,6601
11/24/15,45,27,7500
11/25/15,48,35,6864
11/26/15,52,42,3394
11/27/15,54,46,6240
11/28/15,57,50,6418
11/29/15,52,46,2877
11/30/15,42,38,4160
12/1/15,46,45,3954
12/2/15,54,53,5740
12/3/15,48,30,7969
12/4/15,45,31,7940
12/5/15,44,34,7087
12/6/15,43,35,5979
12/7/15,48,34,7928
12/8/15,47,35,8458
12/9/15,44,42,7982
12/10/15,52,43,8685
12/11/15,54,47,8722
12/12/15,57,50,8720
12/13/15,60,53,8034
12/14/15,61,59,6645
12/15/15,57,44,8804
12/16/15,49,40,8624
12/17/15,51,49,4553
12/18/15,44,31,6698
12/19/15,38,16,4279
12/20/15,39,21,4219
12/21/15,48,37,6675
12/22/15,57,53,4934
12/23/15,60,60,2263
12/24/15,66,63,2796
12/25/15,63,63,1502
12/26/15,56,53,2702
12/27/15,61,57,4623
12/28/15,51,37,4459
12/29/15,49,46,5253
12/30/15,52,50,5275
12/31/15,51,44,5855
1/1/16,42,28,3220
1/2/16,40,25,4922
1/3/16,43,27,4964
1/4/16,30,14,5133
1/5/16,25,4,4850
1/6/16,30,15,5712
1/7/16,39,33,6592
1/8/16,43,39,6153
1/9/16,46,43,5314
1/10/16,50,44,5663
1/11/16,35,10,6294
1/12/16,38,19,6490
1/13/16,27,4,5620
1/14/16,41,21,7164
1/15/16,42,35,5983
1/16/16,46,39,5908
1/17/16,35,29,3400
1/18/16,25,2,2499
1/19/16,22,0,3912
1/20/16,25,14,4321
1/21/16,29,15,4228
1/22/16,26,17,2985
1/27/16,40,25,528
1/28/16,33,24,2022
1/29/16,36,22,2942
1/30/16,33,21,2822
1/31/16,47,31,3611
2/1/16,52,42,4604
2/2/16,45,32,6584
2/3/16,49,47,4243
2/4/16,50,44,6691
2/5/16,39,25,5822
2/6/16,36,23,5042
2/7/16,38,24,4664
2/8/16,40,28,5994
2/9/16,36,32,4053
2/10/16,33,15,5493
2/11/16,26,2,4246
2/12/16,25,8,4363
2/13/16,22,4,1535
2/14/16,20,1,1851
2/15/16,26,23,501
2/16/16,42,37,3238
2/17/16,40,29,6097
2/18/16,35,15,5822
2/19/16,34,17,5633
2/20/16,53,34,8245
2/21/16,51,47,4254
2/22/16,47,35,7148
2/23/16,43,40,2585
2/24/16,54,50,3279
2/25/16,50,29,6330
2/26/16,36,17,5345
2/27/16,37,19,5432
2/28/16,49,31,8732
2/29/16,55,33,7828
3/1/16,53,37,8588
3/2/16,46,24,5918
3/3/16,35,21,5902
3/4/16,37,30,5345
3/5/16,40,24,5334
3/6/16,45,31,5899
3/7/16,51,36,9003
3/8/16,63,40,10558
3/9/16,63,44,11214
3/10/16,68,53,10954
3/11/16,65,48,11220
3/12/16,55,42,10427
3/13/16,55,47,5194
3/14/16,50,47,7671
3/15/16,56,46,8558
3/16/16,62,53,13356
3/17/16,59,39,10673
3/18/16,58,26,11429
3/19/16,48,33,3227
3/20/16,41,31,4532
3/21/16,45,24,7580
3/22/16,49,29,9763
3/23/16,64,36,12340
3/24/16,64,44,13363
3/25/16,61,50,12212
3/26/16,52,34,14116
3/27/16,53,46,8564
3/28/16,60,44,8430
3/29/16,53,28,10221
3/30/16,52,30,10873
3/31/16,64,50,11029
4/1/16,74,60,10875
4/2/16,56,42,9281
4/3/16,46,21,6800
4/4/16,57,39,7398
4/5/16,38,17,7512
4/6/16,45,27,9068
4/7/16,57,47,5433
4/8/16,49,26,9529
4/9/16,42,30,4069
4/10/16,42,20,7421
4/11/16,60,40,9456
4/12/16,58,41,8583
4/13/16,51,27,10131
4/14/16,52,34,10523
4/15/16,53,35,11395
4/16/16,59,36,13505
4/17/16,61,37,12367
4/18/16,68,44,11882
4/19/16,70,44,11927
4/20/16,61,27,11650
4/21/16,63,45,11447
4/22/16,70,59,11093
4/23/16,63,55,8487
4/24/16,57,29,11948
4/25/16,65,50,11694
4/26/16,76,55,11718
4/27/16,62,52,8360
4/28/16,52,50,5195
4/29/16,52,48,8258
4/30/16,55,48,8511
5/1/16,56,52,4376
5/2/16,66,59,8139
5/3/16,66,59,8132
5/4/16,57,53,9625
5/5/16,55,49,8726
5/6/16,53,49,3102
5/7/16,59,49,9225
5/8/16,63,43,10803
5/9/16,57,49,9164
5/10/16,61,51,10242
5/11/16,58,54,7669
5/12/16,62,57,10805
5/13/16,69,59,10106
5/14/16,64,50,9389
5/15/16,55,31,8507
5/16/16,56,33,11357
5/17/16,57,50,5374
5/18/16,60,50,10583
5/19/16,63,49,11720
5/20/16,65,48,13860
5/21/16,59,53,4432
5/22/16,56,54,2851
5/23/16,66,56,8048
5/24/16,70,53,13235
5/25/16,73,56,12786
5/26/16,76,63,12188
5/27/16,79,67,12139
5/28/16,79,66,11560
5/29/16,75,67,9069
5/30/16,74,68,9930
5/31/16,79,67,11578
6/1/16,78,67,12355
6/2/16,75,66,12366
6/3/16,77,70,8517
6/4/16,76,70,11991
6/5/16,78,70,9378
6/6/16,78,63,12468
6/7/16,76,60,13271
6/8/16,68,44,13586
6/9/16,68,45,13423
6/10/16,73,47,13730
6/11/16,81,64,11993
6/12/16,82,55,11023
6/13/16,73,50,13161
6/14/16,74,50,13949
6/15/16,75,63,12954
6/16/16,79,68,11056
6/17/16,74,61,13290
6/18/16,76,55,13550
6/19/16,78,54,11830
6/20/16,80,59,12912
6/21/16,82,68,9513
6/22/16,78,61,13902
6/23/16,76,69,9435
6/24/16,79,69,12405
6/25/16,79,62,13600
6/26/16,76,58,12356
6/27/16,78,68,11922
6/28/16,78,71,11064
6/29/16,75,61,13778
6/30/16,75,58,13318
