StartDate,Mean TemperatureF,MeanDew PointF, Events,Ridership,StartDate
2010/9/15,,,,1,2010/9/15
2010/9/16,,,,1,2010/9/16
2010/9/17,,,,9,2010/9/17
2010/9/19,,,,11,2010/9/19
2010/9/20,,,,238,2010/9/20
2010/9/21,,,,335,2010/9/21
2010/9/22,,,,406,2010/9/22
2010/9/23,,,,380,2010/9/23
2010/9/24,,,,370,2010/9/24
2010/9/25,,,,555,2010/9/25
2010/9/26,,,,547,2010/9/26
2010/9/27,,,,292,2010/9/27
2010/9/28,,,,420,2010/9/28
2010/9/29,,,,454,2010/9/29
2010/9/30,,,,165,2010/9/30
2010/10/1,68,54,Rain,588,2010/10/1
2010/10/2,62,45,,858,2010/10/2
2010/10/3,60,51,Rain,516,2010/10/3
2010/10/4,54,48,Rain,336,2010/10/4
2010/10/5,57,43,,636,2010/10/5
2010/10/6,58,44,Rain,689,2010/10/6
2010/10/7,64,47,,888,2010/10/7
2010/10/8,66,45,,950,2010/10/8
2010/10/9,69,50,,1131,2010/10/9
2010/10/10,67,52,,1114,2010/10/10
2010/10/11,75,58,,985,2010/10/11
2010/10/12,73,56,,1096,2010/10/12
2010/10/13,63,43,,1139,2010/10/13
2010/10/14,57,53,Rain,583,2010/10/14
2010/10/15,58,39,,1155,2010/10/15
2010/10/16,59,38,,1401,2010/10/16
2010/10/17,62,45,,1354,2010/10/17
2010/10/18,61,44,Rain,1151,2010/10/18
2010/10/19,58,49,,1159,2010/10/19
2010/10/20,55,51,Rain,1156,2010/10/20
2010/10/21,60,44,,1349,2010/10/21
2010/10/22,53,33,,1393,2010/10/22
2010/10/23,56,42,,1726,2010/10/23
2010/10/24,64,50,,1575,2010/10/24
2010/10/25,67,60,,1352,2010/10/25
2010/10/26,69,63,,1572,2010/10/26
2010/10/27,72,68,Rain,1047,2010/10/27
2010/10/28,66,53,,1714,2010/10/28
2010/10/29,53,32,,1681,2010/10/29
2010/10/30,50,34,,2342,2010/10/30
2010/10/31,57,37,,1977,2010/10/31
2010/11/1,48,30,,1474,2010/11/1
2010/11/2,46,30,,1422,2010/11/2
2010/11/3,49,41,Rain,1507,2010/11/3
2010/11/4,50,47,Rain,602,2010/11/4
2010/11/5,52,38,Rain,1880,2010/11/5
2010/11/6,47,33,,1844,2010/11/6
2010/11/7,45,30,,1442,2010/11/7
2010/11/8,53,28,,1623,2010/11/8
2010/11/9,54,36,,1964,2010/11/9
2010/11/10,55,42,,2075,2010/11/10
2010/11/11,53,34,,2087,2010/11/11
2010/11/12,51,29,,2059,2010/11/12
2010/11/13,53,33,,2300,2010/11/13
2010/11/14,53,39,,2039,2010/11/14
2010/11/15,54,47,Rain,1756,2010/11/15
2010/11/16,57,52,Rain,783,2010/11/16
2010/11/17,56,42,Rain-Thunderstorm,1948,2010/11/17
2010/11/18,51,34,,1881,2010/11/18
2010/11/19,46,31,,1981,2010/11/19
2010/11/20,53,37,,2385,2010/11/20
2010/11/21,50,40,,1777,2010/11/21
2010/11/22,55,48,,1927,2010/11/22
2010/11/23,61,45,Rain,1789,2010/11/23
2010/11/24,49,26,,1513,2010/11/24
2010/11/25,49,36,Rain,569,2010/11/25
2010/11/26,51,38,Rain,792,2010/11/26
2010/11/27,41,20,,952,2010/11/27
2010/11/28,42,24,,958,2010/11/28
2010/11/29,42,34,,1508,2010/11/29
2010/11/30,56,50,Rain,1277,2010/11/30
2010/12/1,51,43,Rain,991,2010/12/1
2010/12/2,38,22,,1486,2010/12/2
2010/12/3,39,23,,1609,2010/12/3
2010/12/4,37,19,,1221,2010/12/4
2010/12/5,37,17,,1019,2010/12/5
2010/12/6,35,13,,1194,2010/12/6
2010/12/7,32,10,,1096,2010/12/7
2010/12/8,32,10,,1152,2010/12/8
2010/12/9,32,13,,1296,2010/12/9
2010/12/10,33,22,Snow,1307,2010/12/10
2010/12/11,39,30,Rain,1154,2010/12/11
2010/12/12,42,40,Fog-Rain,428,2010/12/12
2010/12/13,31,16,Snow,1051,2010/12/13
2010/12/14,25,5,Snow,859,2010/12/14
2010/12/15,28,5,,1062,2010/12/15
2010/12/16,24,17,Fog-Snow,678,2010/12/16
2010/12/17,31,18,,873,2010/12/17
2010/12/18,30,24,,846,2010/12/18
2010/12/19,33,20,,814,2010/12/19
2010/12/20,31,17,,1046,2010/12/20
2010/12/21,35,18,,1061,2010/12/21
2010/12/22,40,19,,1112,2010/12/22
2010/12/23,38,19,,747,2010/12/23
2010/12/24,36,18,,352,2010/12/24
2010/12/25,34,22,Snow,191,2010/12/25
2010/12/26,31,21,Snow,92,2010/12/26
2010/12/27,32,9,,308,2010/12/27
2010/12/28,37,11,,705,2010/12/28
2010/12/29,39,21,,946,2010/12/29
2010/12/30,38,25,,1121,2010/12/30
2010/12/31,41,28,,948,2010/12/31
2011/1/1,46,44,Rain,1968,2011/1/1
2011/1/2,47,40,Rain,1600,2011/1/2
2011/1/3,35,13,,2694,2011/1/3
2011/1/4,34,21,,3122,2011/1/4
2011/1/5,37,15,,3194,2011/1/5
2011/1/6,35,18,Snow,3206,2011/1/6
2011/1/7,33,17,Snow,3012,2011/1/7
2011/1/8,30,19,Fog-Snow,1918,2011/1/8
2011/1/9,30,9,,1642,2011/1/9
2011/1/10,30,12,,2638,2011/1/10
2011/1/11,31,25,Fog-Rain-Snow,2520,2011/1/11
2011/1/12,32,19,,2318,2011/1/12
2011/1/13,32,13,,2798,2011/1/13
2011/1/14,30,15,,2836,2011/1/14
2011/1/15,37,20,,2496,2011/1/15
2011/1/16,37,18,,2408,2011/1/16
2011/1/17,31,19,Rain-Snow,2000,2011/1/17
2011/1/18,33,31,Rain,1360,2011/1/18
2011/1/19,44,34,Fog-Rain,3298,2011/1/19
2011/1/20,40,24,Snow,3830,2011/1/20
2011/1/21,30,15,Rain-Snow,3074,2011/1/21
2011/1/22,23,1,,1962,2011/1/22
2011/1/23,25,4,,1972,2011/1/23
2011/1/24,25,9,,2828,2011/1/24
2011/1/25,38,24,,3964,2011/1/25
2011/1/26,35,32,Rain-Snow-Thunderstorm,1006,2011/1/26
2011/1/27,34,25,,860,2011/1/27
2011/1/28,34,28,Snow,2330,2011/1/28
2011/1/29,33,23,,2194,2011/1/29
2011/1/30,36,26,,2186,2011/1/30
2011/1/31,33,19,Snow,2998,2011/1/31
2011/2/1,33,29,Rain,2720,2011/2/1
2011/2/2,43,33,Fog-Rain,3048,2011/2/2
2011/2/3,33,13,,3090,2011/2/3
2011/2/4,35,22,,3410,2011/2/4
2011/2/5,38,35,Rain,2010,2011/2/5
2011/2/6,43,27,,3240,2011/2/6
2011/2/7,40,33,,3408,2011/2/7
2011/2/8,33,18,Rain,3048,2011/2/8
2011/2/9,26,13,Snow,3194,2011/2/9
2011/2/10,29,8,Snow,3068,2011/2/10
2011/2/11,33,16,,3478,2011/2/11
2011/2/12,35,19,,2942,2011/2/12
2011/2/13,43,23,,3176,2011/2/13
2011/2/14,57,26,,3810,2011/2/14
2011/2/15,40,10,,3616,2011/2/15
2011/2/16,45,23,,4216,2011/2/16
2011/2/17,58,37,,4938,2011/2/17
2011/2/18,65,40,,5840,2011/2/18
2011/2/19,49,10,,3268,2011/2/19
2011/2/20,41,19,,3624,2011/2/20
2011/2/21,43,29,Rain-Snow,2210,2011/2/21
2011/2/22,32,21,Snow,2882,2011/2/22
2011/2/23,36,14,,3816,2011/2/23
2011/2/24,42,35,Rain,3602,2011/2/24
2011/2/25,52,41,Rain,2908,2011/2/25
2011/2/26,42,26,,3936,2011/2/26
2011/2/27,48,36,,4802,2011/2/27
2011/2/28,57,50,Rain-Thunderstorm,2878,2011/2/28
2011/3/1,40,23,,3686,2011/3/1
2011/3/2,49,23,,4254,2011/3/2
2011/3/3,34,7,,3354,2011/3/3
2011/3/4,40,27,,3872,2011/3/4
2011/3/5,51,44,,4146,2011/3/5
2011/3/6,46,47,Rain,1208,2011/3/6
2011/3/7,41,23,Snow,3734,2011/3/7
2011/3/8,42,19,,4246,2011/3/8
2011/3/9,42,36,Rain,3762,2011/3/9
2011/3/10,51,52,Rain,1240,2011/3/10
2011/3/11,44,34,Rain,3942,2011/3/11
2011/3/12,46,32,,4264,2011/3/12
2011/3/13,49,33,,4826,2011/3/13
2011/3/14,45,26,,4086,2011/3/14
2011/3/15,43,34,Rain,4092,2011/3/15
2011/3/16,49,42,Rain,4374,2011/3/16
2011/3/17,54,39,,5472,2011/3/17
2011/3/18,64,46,,6454,2011/3/18
2011/3/19,58,33,,6222,2011/3/19
2011/3/20,46,26,Rain,4936,2011/3/20
2011/3/21,57,45,Rain-Thunderstorm,4146,2011/3/21
2011/3/22,56,42,,5388,2011/3/22
2011/3/23,48,43,Rain-Thunderstorm,4234,2011/3/23
2011/3/24,41,37,Rain,3718,2011/3/24
2011/3/25,41,21,,4398,2011/3/25
2011/3/26,40,16,,4990,2011/3/26
2011/3/27,39,21,Snow,3382,2011/3/27
2011/3/28,39,10,,4040,2011/3/28
2011/3/29,43,14,,4840,2011/3/29
2011/3/30,43,33,Rain,3056,2011/3/30
2011/3/31,40,38,Rain,3348,2011/3/31
2011/4/1,44,34,Rain,4432,2011/4/1
2011/4/2,44,34,Rain-Hail,4504,2011/4/2
2011/4/3,50,30,Thunderstorm,6496,2011/4/3
2011/4/4,67,42,,6214,2011/4/4
2011/4/5,57,45,Rain-Thunderstorm,3572,2011/4/5
2011/4/6,50,30,,5594,2011/4/6
2011/4/7,57,41,,6266,2011/4/7
2011/4/8,47,42,Rain,2934,2011/4/8
2011/4/9,47,43,Rain,4908,2011/4/9
2011/4/10,56,50,,5784,2011/4/10
2011/4/11,70,58,Rain,6680,2011/4/11
2011/4/12,62,52,Rain,4050,2011/4/12
2011/4/13,54,48,Rain,4300,2011/4/13
2011/4/14,59,40,,6502,2011/4/14
2011/4/15,57,45,,6230,2011/4/15
2011/4/16,56,54,Rain-Thunderstorm,1590,2011/4/16
2011/4/17,57,36,,7482,2011/4/17
2011/4/18,63,45,,6834,2011/4/18
2011/4/19,62,50,Rain,6384,2011/4/19
2011/4/20,69,53,,7866,2011/4/20
2011/4/21,57,33,,8358,2011/4/21
2011/4/22,47,38,Rain,3352,2011/4/22
2011/4/23,57,50,Rain,8070,2011/4/23
2011/4/24,71,62,Rain-Hail-Thunderstorm,8376,2011/4/24
2011/4/25,71,62,Fog-Rain-Thunderstorm,8124,2011/4/25
2011/4/26,74,63,,8754,2011/4/26
2011/4/27,73,66,Rain-Thunderstorm,7718,2011/4/27
2011/4/28,69,61,Rain-Thunderstorm,8088,2011/4/28
2011/4/29,62,40,,9178,2011/4/29
2011/4/30,60,40,,10624,2011/4/30
2011/5/1,56,49,,6696,2011/5/1
2011/5/2,66,56,Rain,8770,2011/5/2
2011/5/3,72,60,,8874,2011/5/3
2011/5/4,54,45,Rain,5248,2011/5/4
2011/5/5,57,34,,8844,2011/5/5
2011/5/6,59,44,Rain-Thunderstorm,9186,2011/5/6
2011/5/7,62,44,Rain,9420,2011/5/7
2011/5/8,64,50,Rain,8664,2011/5/8
2011/5/9,63,48,,8670,2011/5/9
2011/5/10,64,43,,9562,2011/5/10
2011/5/11,68,51,,8344,2011/5/11
2011/5/12,64,55,,9710,2011/5/12
2011/5/13,62,58,Rain,8192,2011/5/13
2011/5/14,63,61,Rain-Thunderstorm,6804,2011/5/14
2011/5/15,69,62,Rain,9104,2011/5/15
2011/5/16,71,60,Rain-Thunderstorm,7900,2011/5/16
2011/5/17,68,61,Rain,8226,2011/5/17
2011/5/18,67,61,Rain-Thunderstorm,7686,2011/5/18
2011/5/19,65,57,Rain-Thunderstorm,9122,2011/5/19
2011/5/20,64,54,Rain,9812,2011/5/20
2011/5/21,70,56,,11606,2011/5/21
2011/5/22,71,61,Rain,9308,2011/5/22
2011/5/23,74,66,Rain,8538,2011/5/23
2011/5/24,77,66,Rain-Thunderstorm,8974,2011/5/24
2011/5/25,75,64,Rain-Thunderstorm,9932,2011/5/25
2011/5/26,80,67,,9328,2011/5/26
2011/5/27,77,65,Rain-Thunderstorm,9340,2011/5/27
2011/5/28,75,65,,9512,2011/5/28
2011/5/29,76,70,,9570,2011/5/29
2011/5/30,84,69,,8184,2011/5/30
2011/5/31,86,71,,7948,2011/5/31
2011/6/1,87,72,Rain-Hail-Thunderstorm,7930,2011/6/1
2011/6/2,79,46,,9924,2011/6/2
2011/6/3,72,42,,10596,2011/6/3
2011/6/4,73,49,,10678,2011/6/4
2011/6/5,76,62,,9804,2011/6/5
2011/6/6,77,60,,9076,2011/6/6
2011/6/7,79,63,,9640,2011/6/7
2011/6/8,86,69,,8780,2011/6/8
2011/6/9,91,69,Rain,7822,2011/6/9
2011/6/10,84,67,Rain-Thunderstorm,9156,2011/6/10
2011/6/11,84,68,,9928,2011/6/11
2011/6/12,81,69,Rain-Thunderstorm,8916,2011/6/12
2011/6/13,73,52,,10024,2011/6/13
2011/6/14,71,51,Rain,9758,2011/6/14
2011/6/15,72,50,,10334,2011/6/15
2011/6/16,75,62,Rain-Thunderstorm,7516,2011/6/16
2011/6/17,76,64,Rain-Thunderstorm,9664,2011/6/17
2011/6/18,79,66,Thunderstorm,10230,2011/6/18
2011/6/19,80,66,Rain,9484,2011/6/19
2011/6/20,74,64,Rain,8010,2011/6/20
2011/6/21,79,69,Rain-Thunderstorm,9644,2011/6/21
2011/6/22,82,71,,8988,2011/6/22
2011/6/23,81,71,Rain,9564,2011/6/23
2011/6/24,82,63,,9964,2011/6/24
2011/6/25,79,57,,10398,2011/6/25
2011/6/26,77,57,,10598,2011/6/26
2011/6/27,77,65,Rain,9396,2011/6/27
2011/6/28,85,69,Thunderstorm,9270,2011/6/28
2011/6/29,82,59,,10434,2011/6/29
2011/6/30,78,53,,11006,2011/6/30
2011/7/1,80,52,,10702,2011/7/1
2011/7/2,82,56,,10228,2011/7/2
2011/7/3,82,68,Rain-Thunderstorm,9296,2011/7/3
2011/7/4,82,67,,12070,2011/7/4
2011/7/5,83,67,,9304,2011/7/5
2011/7/6,81,71,Rain,9238,2011/7/6
2011/7/7,84,69,,9156,2011/7/7
2011/7/8,81,71,Rain-Thunderstorm,8062,2011/7/8
2011/7/9,82,65,,10660,2011/7/9
2011/7/10,83,66,,9756,2011/7/10
2011/7/11,86,70,Thunderstorm,8156,2011/7/11
2011/7/12,87,69,,8494,2011/7/12
2011/7/13,84,69,Rain-Thunderstorm,8666,2011/7/13
2011/7/14,77,55,,10142,2011/7/14
2011/7/15,76,60,,11056,2011/7/15
2011/7/16,77,61,,11842,2011/7/16
2011/7/17,81,65,,10594,2011/7/17
2011/7/18,83,69,,8890,2011/7/18
2011/7/19,88,72,Rain,9066,2011/7/19
2011/7/20,86,74,Thunderstorm,8646,2011/7/20
2011/7/21,90,77,,7548,2011/7/21
2011/7/22,93,74,Thunderstorm,6760,2011/7/22
2011/7/23,93,70,,6564,2011/7/23
2011/7/24,91,71,,7210,2011/7/24
2011/7/25,86,74,Rain-Thunderstorm,7668,2011/7/25
2011/7/26,86,64,,9154,2011/7/26
2011/7/27,86,58,,9288,2011/7/27
2011/7/28,87,69,,8758,2011/7/28
2011/7/29,92,70,,7688,2011/7/29
2011/7/30,89,64,,8948,2011/7/30
2011/7/31,90,63,,8600,2011/7/31
2011/8/1,88,65,Thunderstorm,8510,2011/8/1
2011/8/2,86,63,,9670,2011/8/2
2011/8/3,82,69,Rain,7140,2011/8/3
2011/8/4,82,71,Rain,9138,2011/8/4
2011/8/5,80,66,,9716,2011/8/5
2011/8/6,84,72,Rain,8584,2011/8/6
2011/8/7,87,74,Rain-Thunderstorm,7562,2011/8/7
2011/8/8,85,68,,8630,2011/8/8
2011/8/9,86,68,,9176,2011/8/9
2011/8/10,84,58,,9534,2011/8/10
2011/8/11,81,54,,9560,2011/8/11
2011/8/12,80,53,,9788,2011/8/12
2011/8/13,80,69,Rain-Thunderstorm,8282,2011/8/13
2011/8/14,77,70,Rain-Thunderstorm,7638,2011/8/14
2011/8/15,77,65,Rain-Thunderstorm,8674,2011/8/15
2011/8/16,80,62,,9430,2011/8/16
2011/8/17,81,64,,9362,2011/8/17
2011/8/18,83,66,Rain-Thunderstorm,7594,2011/8/18
2011/8/19,79,66,Rain-Thunderstorm,8290,2011/8/19
2011/8/20,79,66,,10380,2011/8/20
2011/8/21,83,72,Rain-Thunderstorm,7742,2011/8/21
2011/8/22,77,55,Rain,9508,2011/8/22
2011/8/23,72,51,,11762,2011/8/23
2011/8/24,76,62,,10228,2011/8/24
2011/8/25,78,71,Rain-Thunderstorm,7066,2011/8/25
2011/8/26,80,71,Rain,9310,2011/8/26
2011/8/27,76,71,Rain,2230,2011/8/27
2011/8/28,79,63,Rain,8662,2011/8/28
2011/8/29,74,56,,9246,2011/8/29
2011/8/30,73,55,,10388,2011/8/30
2011/8/31,74,59,,10094,2011/8/31
2011/9/1,74,61,Rain,10200,2011/9/1
2011/9/2,74,64,Rain-Thunderstorm,9436,2011/9/2
2011/9/3,76,66,Rain-Thunderstorm,8960,2011/9/3
2011/9/4,80,70,,9878,2011/9/4
2011/9/5,75,70,Rain,6702,2011/9/5
2011/9/6,66,61,Rain,5396,2011/9/6
2011/9/7,69,67,Fog-Rain-Thunderstorm,3974,2011/9/7
2011/9/8,75,71,Rain-Thunderstorm,3660,2011/9/8
2011/9/9,77,71,Rain,7068,2011/9/9
2011/9/10,76,67,,10680,2011/9/10
2011/9/11,76,64,Rain,10076,2011/9/11
2011/9/12,74,62,,9402,2011/9/12
2011/9/13,74,64,,9492,2011/9/13
2011/9/14,78,65,,9552,2011/9/14
2011/9/15,66,58,Rain,7292,2011/9/15
2011/9/16,58,43,,9484,2011/9/16
2011/9/17,61,51,,9018,2011/9/17
2011/9/18,62,51,,8548,2011/9/18
2011/9/19,65,55,,9052,2011/9/19
2011/9/20,68,62,Rain,7266,2011/9/20
2011/9/21,70,66,Rain,8686,2011/9/21
2011/9/22,73,69,Fog,9566,2011/9/22
2011/9/23,70,70,Rain,4772,2011/9/23
2011/9/24,71,66,,10832,2011/9/24
2011/9/25,74,68,Rain,10016,2011/9/25
2011/9/26,75,69,,9240,2011/9/26
2011/9/27,74,70,Rain,8214,2011/9/27
2011/9/28,74,68,Rain-Thunderstorm,7804,2011/9/28
2011/9/29,70,61,,9672,2011/9/29
2011/9/30,69,54,,10378,2011/9/30
2011/10/1,55,45,Rain,4848,2011/10/1
2011/10/2,49,42,Rain,5836,2011/10/2
2011/10/3,50,44,Rain,7122,2011/10/3
2011/10/4,65,49,,8886,2011/10/4
2011/10/5,64,51,,9630,2011/10/5
2011/10/6,60,46,,9502,2011/10/6
2011/10/7,63,50,,9942,2011/10/7
2011/10/8,64,51,,10816,2011/10/8
2011/10/9,66,54,,11018,2011/10/9
2011/10/10,70,57,,10220,2011/10/10
2011/10/11,67,61,Rain,9100,2011/10/11
2011/10/12,65,62,Rain,4814,2011/10/12
2011/10/13,71,66,Fog-Rain-Thunderstorm,5806,2011/10/13
2011/10/14,65,58,Rain,7268,2011/10/14
2011/10/15,61,41,,10428,2011/10/15
2011/10/16,61,42,,10078,2011/10/16
2011/10/17,63,48,,9130,2011/10/17
2011/10/18,64,53,,9472,2011/10/18
2011/10/19,66,62,Rain,4834,2011/10/19
2011/10/20,60,48,,8372,2011/10/20
2011/10/21,55,39,,8592,2011/10/21
2011/10/22,55,41,,8612,2011/10/22
2011/10/23,54,45,,8758,2011/10/23
2011/10/24,58,50,Rain,8354,2011/10/24
2011/10/25,59,44,,9352,2011/10/25
2011/10/26,60,51,Rain,7772,2011/10/26
2011/10/27,56,53,Rain,5304,2011/10/27
2011/10/28,47,32,Rain,7488,2011/10/28
2011/10/29,38,35,Rain-Snow,1254,2011/10/29
2011/10/30,45,31,,6654,2011/10/30
2011/10/31,46,36,Rain,7322,2011/10/31
2011/11/1,53,41,,8122,2011/11/1
2011/11/2,51,41,,8352,2011/11/2
2011/11/3,54,43,,7922,2011/11/3
2011/11/4,52,39,,8078,2011/11/4
2011/11/5,46,28,,7840,2011/11/5
2011/11/6,48,38,,7296,2011/11/6
2011/11/7,54,43,Fog,8016,2011/11/7
2011/11/8,55,43,,8394,2011/11/8
2011/11/9,53,44,,8214,2011/11/9
2011/11/10,53,45,Fog-Rain,5852,2011/11/10
2011/11/11,44,24,,6720,2011/11/11
2011/11/12,48,32,,8130,2011/11/12
2011/11/13,54,34,,7426,2011/11/13
2011/11/14,64,49,,8938,2011/11/14
2011/11/15,63,53,Rain,8368,2011/11/15
2011/11/16,56,55,Fog-Rain,3626,2011/11/16
2011/11/17,46,31,Rain,6088,2011/11/17
2011/11/18,41,18,,6772,2011/11/18
2011/11/19,46,28,,7312,2011/11/19
2011/11/20,58,48,Rain,7028,2011/11/20
2011/11/21,57,53,Fog-Rain,5524,2011/11/21
2011/11/22,56,52,Rain,3202,2011/11/22
2011/11/23,55,49,Fog-Rain,5126,2011/11/23
2011/11/24,50,33,,2988,2011/11/24
2011/11/25,51,37,,5576,2011/11/25
2011/11/26,50,39,,6132,2011/11/26
2011/11/27,59,47,,6130,2011/11/27
2011/11/28,61,53,,7706,2011/11/28
2011/11/29,57,51,Rain,5810,2011/11/29
2011/11/30,46,32,,7210,2011/11/30
2011/12/1,45,28,,7424,2011/12/1
2011/12/2,45,31,,7858,2011/12/2
2011/12/3,43,30,,7222,2011/12/3
2011/12/4,46,39,,6966,2011/12/4
2011/12/5,51,46,,7600,2011/12/5
2011/12/6,58,57,Fog-Rain,5172,2011/12/6
2011/12/7,49,52,Fog-Rain-Snow,1404,2011/12/7
2011/12/8,40,26,,6626,2011/12/8
2011/12/9,43,33,,7220,2011/12/9
2011/12/10,40,22,,6368,2011/12/10
2011/12/11,36,18,,5480,2011/12/11
2011/12/12,38,27,,6584,2011/12/12
2011/12/13,41,27,,7020,2011/12/13
2011/12/14,44,33,,7450,2011/12/14
2011/12/15,53,42,Rain,7396,2011/12/15
2011/12/16,53,30,,7112,2011/12/16
2011/12/17,38,24,Snow,5468,2011/12/17
2011/12/18,38,24,,4850,2011/12/18
2011/12/19,41,29,,6790,2011/12/19
2011/12/20,51,37,,7482,2011/12/20
2011/12/21,54,52,Rain,5308,2011/12/21
2011/12/22,54,46,Rain,6120,2011/12/22
2011/12/23,49,42,Rain,4404,2011/12/23
2011/12/24,41,27,Rain,2020,2011/12/24
2011/12/25,41,31,,1508,2011/12/25
2011/12/26,44,27,,2632,2011/12/26
2011/12/27,47,43,Rain,2314,2011/12/27
2011/12/28,42,24,,4594,2011/12/28
2011/12/29,38,25,,4832,2011/12/29
2011/12/30,45,32,,5982,2011/12/30
2011/12/31,54,39,Rain,4968,2011/12/31
2012/1/1,49,38,Rain,2294,2012/1/1
2012/1/2,41,16,,1950,2012/1/2
2012/1/3,28,8,Snow,2233,2012/1/3
2012/1/4,26,7,,2367,2012/1/4
2012/1/5,40,24,,3269,2012/1/5
2012/1/6,48,29,,4091,2012/1/6
2012/1/7,52,33,,4520,2012/1/7
2012/1/8,45,26,,3424,2012/1/8
2012/1/9,37,29,Fog-Rain-Snow,2370,2012/1/9
2012/1/10,43,31,Fog,3592,2012/1/10
2012/1/11,41,38,Rain,2174,2012/1/11
2012/1/12,51,43,Rain,4091,2012/1/12
2012/1/13,40,22,Rain,3207,2012/1/13
2012/1/14,33,13,,2491,2012/1/14
2012/1/15,32,10,,2306,2012/1/15
2012/1/16,34,19,Rain,2295,2012/1/16
2012/1/17,50,42,Rain,2931,2012/1/17
2012/1/18,43,20,,3370,2012/1/18
2012/1/19,33,17,,3285,2012/1/19
2012/1/20,34,17,Fog-Snow,3156,2012/1/20
2012/1/21,31,27,Rain-Snow,1300,2012/1/21
2012/1/22,31,25,Snow,1975,2012/1/22
2012/1/23,38,34,Fog-Rain,2429,2012/1/23
2012/1/24,47,41,,4327,2012/1/24
2012/1/25,43,31,,4259,2012/1/25
2012/1/26,48,41,,4060,2012/1/26
2012/1/27,52,49,Rain-Thunderstorm,3449,2012/1/27
2012/1/28,44,26,,4019,2012/1/28
2012/1/29,41,13,,3240,2012/1/29
2012/1/30,41,17,,3615,2012/1/30
2012/1/31,53,28,,4501,2012/1/31
2012/2/1,60,40,Rain,4574,2012/2/1
2012/2/2,50,41,Rain,3754,2012/2/2
2012/2/3,45,27,,4146,2012/2/3
2012/2/4,41,34,Rain,2831,2012/2/4
2012/2/5,40,30,Rain,2944,2012/2/5
2012/2/6,41,28,,3779,2012/2/6
2012/2/7,48,29,,4363,2012/2/7
2012/2/8,40,32,Rain,2794,2012/2/8
2012/2/9,40,24,,3824,2012/2/9
2012/2/10,40,26,Rain,3822,2012/2/10
2012/2/11,33,29,Rain-Snow,2168,2012/2/11
2012/2/12,28,10,Snow,1529,2012/2/12
2012/2/13,37,14,,3419,2012/2/13
2012/2/14,47,27,,3909,2012/2/14
2012/2/15,48,31,,4160,2012/2/15
2012/2/16,44,37,Rain,3000,2012/2/16
2012/2/17,47,35,Fog,4145,2012/2/17
2012/2/18,47,29,,4316,2012/2/18
2012/2/19,40,26,Rain-Snow,2689,2012/2/19
2012/2/20,42,22,,3127,2012/2/20
2012/2/21,41,29,,3771,2012/2/21
2012/2/22,53,36,,4767,2012/2/22
2012/2/23,57,40,Rain,5048,2012/2/23
2012/2/24,52,46,Rain-Thunderstorm,3480,2012/2/24
2012/2/25,41,19,Snow,2732,2012/2/25
2012/2/26,42,20,,3389,2012/2/26
2012/2/27,50,29,,4317,2012/2/27
2012/2/28,48,23,,4353,2012/2/28
2012/2/29,48,45,Rain,1829,2012/2/29
2012/3/1,58,46,Fog-Rain,4978,2012/3/1
2012/3/2,48,39,Rain-Thunderstorm,3190,2012/3/2
2012/3/3,56,39,Rain,4061,2012/3/3
2012/3/4,44,21,,3418,2012/3/4
2012/3/5,39,21,,3331,2012/3/5
2012/3/6,39,21,,3946,2012/3/6
2012/3/7,54,35,,4907,2012/3/7
2012/3/8,64,47,Rain,5374,2012/3/8
2012/3/9,54,27,Rain,4561,2012/3/9
2012/3/10,42,16,,4116,2012/3/10
2012/3/11,49,29,,4906,2012/3/11
2012/3/12,59,39,,5290,2012/3/12
2012/3/13,69,52,Rain,5833,2012/3/13
2012/3/14,68,46,,6305,2012/3/14
2012/3/15,68,50,,6183,2012/3/15
2012/3/16,55,50,Rain,4368,2012/3/16
2012/3/17,64,53,,7832,2012/3/17
2012/3/18,60,52,,5890,2012/3/18
2012/3/19,66,55,,6146,2012/3/19
2012/3/20,67,60,Rain-Thunderstorm,6088,2012/3/20
2012/3/21,65,58,Fog,6221,2012/3/21
2012/3/22,69,59,Fog,6859,2012/3/22
2012/3/23,71,58,,8351,2012/3/23
2012/3/24,63,58,Rain,3367,2012/3/24
2012/3/25,57,52,Rain,4993,2012/3/25
2012/3/26,51,32,,5549,2012/3/26
2012/3/27,45,14,,5093,2012/3/27
2012/3/28,59,41,Rain,5692,2012/3/28
2012/3/29,60,37,,6126,2012/3/29
2012/3/30,49,35,Rain,5447,2012/3/30
2012/3/31,56,46,,6233,2012/3/31
2012/4/1,56,44,Rain,6038,2012/4/1
2012/4/2,55,36,Rain,5920,2012/4/2
2012/4/3,58,31,,6757,2012/4/3
2012/4/4,65,42,,6419,2012/4/4
2012/4/5,55,29,,6441,2012/4/5
2012/4/6,52,25,,6453,2012/4/6
2012/4/7,54,20,,6855,2012/4/7
2012/4/8,61,27,,5168,2012/4/8
2012/4/9,61,29,Rain,5576,2012/4/9
2012/4/10,57,31,,5907,2012/4/10
2012/4/11,48,28,Rain,4849,2012/4/11
2012/4/12,53,30,,5396,2012/4/12
2012/4/13,56,31,,6389,2012/4/13
2012/4/14,61,41,,7458,2012/4/14
2012/4/15,72,51,,7124,2012/4/15
2012/4/16,76,58,,6361,2012/4/16
2012/4/17,69,42,Rain,6671,2012/4/17
2012/4/18,58,42,Rain,4360,2012/4/18
2012/4/19,61,46,Rain,6547,2012/4/19
2012/4/20,64,52,,7273,2012/4/20
2012/4/21,70,55,Rain,6621,2012/4/21
2012/4/22,52,46,Rain,1023,2012/4/22
2012/4/23,46,38,Rain,3204,2012/4/23
2012/4/24,53,29,,5621,2012/4/24
2012/4/25,58,34,,6187,2012/4/25
2012/4/26,61,53,Rain,5020,2012/4/26
2012/4/27,56,31,,6225,2012/4/27
2012/4/28,51,31,Rain,4220,2012/4/28
2012/4/29,59,41,Rain,6302,2012/4/29
2012/4/30,59,41,,5569,2012/4/30
2012/5/1,72,59,Rain,5733,2012/5/1
2012/5/2,66,60,Rain,6158,2012/5/2
2012/5/3,69,58,,6415,2012/5/3
2012/5/4,75,63,Rain-Thunderstorm,6288,2012/5/4
2012/5/5,74,63,Rain-Thunderstorm,6883,2012/5/5
2012/5/6,67,58,Rain,6355,2012/5/6
2012/5/7,65,52,,6267,2012/5/7
2012/5/8,68,58,Rain,5719,2012/5/8
2012/5/9,67,59,Rain,4710,2012/5/9
2012/5/10,63,43,,6563,2012/5/10
2012/5/11,63,35,,7019,2012/5/11
2012/5/12,65,45,,7427,2012/5/12
2012/5/13,71,55,,6116,2012/5/13
2012/5/14,68,60,Rain,2842,2012/5/14
2012/5/15,73,64,Rain-Thunderstorm,5109,2012/5/15
2012/5/16,73,61,,7412,2012/5/16
2012/5/17,69,49,,7371,2012/5/17
2012/5/18,66,47,,7631,2012/5/18
2012/5/19,70,47,,8292,2012/5/19
2012/5/20,70,54,Rain,7124,2012/5/20
2012/5/21,71,64,Rain,4355,2012/5/21
2012/5/22,74,63,Rain,6060,2012/5/22
2012/5/23,74,64,Rain-Thunderstorm,5249,2012/5/23
2012/5/24,76,65,Rain,6759,2012/5/24
2012/5/25,79,68,,6720,2012/5/25
2012/5/26,79,68,,6533,2012/5/26
2012/5/27,79,67,Rain-Thunderstorm,6588,2012/5/27
2012/5/28,80,69,,6038,2012/5/28
2012/5/29,81,68,Rain-Thunderstorm,5733,2012/5/29
2012/5/30,76,62,Rain,6840,2012/5/30
2012/5/31,77,54,,7328,2012/5/31
2012/6/1,74,66,Rain-Thunderstorm,4118,2012/6/1
2012/6/2,68,50,,8118,2012/6/2
2012/6/3,69,49,,7641,2012/6/3
2012/6/4,69,49,Rain,6994,2012/6/4
2012/6/5,65,51,Rain,6997,2012/6/5
2012/6/6,67,51,Rain,7048,2012/6/6
2012/6/7,71,52,,7489,2012/6/7
2012/6/8,73,51,,7730,2012/6/8
2012/6/9,79,54,,7496,2012/6/9
2012/6/10,81,61,,6595,2012/6/10
2012/6/11,81,63,,6655,2012/6/11
2012/6/12,74,70,Rain,4961,2012/6/12
2012/6/13,76,57,,7416,2012/6/13
2012/6/14,76,58,,7359,2012/6/14
2012/6/15,73,56,,7656,2012/6/15
2012/6/16,73,52,,7698,2012/6/16
2012/6/17,70,55,,6968,2012/6/17
2012/6/18,67,59,Rain,5092,2012/6/18
2012/6/19,79,66,,6812,2012/6/19
2012/6/20,86,69,,6196,2012/6/20
2012/6/21,89,69,,5891,2012/6/21
2012/6/22,86,68,Rain,5810,2012/6/22
2012/6/23,82,60,,7452,2012/6/23
2012/6/24,83,60,,6889,2012/6/24
2012/6/25,79,58,Rain,6769,2012/6/25
2012/6/26,72,44,,7425,2012/6/26
2012/6/27,78,49,,7323,2012/6/27
2012/6/28,83,56,,6868,2012/6/28
2012/6/29,88,69,Rain-Thunderstorm,5455,2012/6/29
2012/6/30,85,67,Rain,5679,2012/6/30
2012/7/1,88,68,,5531,2012/7/1
2012/7/2,87,62,Thunderstorm,6227,2012/7/2
2012/7/3,87,63,Rain-Thunderstorm,6660,2012/7/3
2012/7/4,87,67,,7403,2012/7/4
2012/7/5,90,66,,6241,2012/7/5
2012/7/6,91,64,,6207,2012/7/6
2012/7/7,94,69,,4840,2012/7/7
2012/7/8,90,72,Rain-Thunderstorm,4672,2012/7/8
2012/7/9,81,69,Rain-Thunderstorm,6569,2012/7/9
2012/7/10,81,68,Rain-Thunderstorm,6290,2012/7/10
2012/7/11,81,65,,7264,2012/7/11
2012/7/12,80,61,,7446,2012/7/12
2012/7/13,83,60,,7499,2012/7/13
2012/7/14,80,68,Rain,6969,2012/7/14
2012/7/15,86,71,Rain,6031,2012/7/15
2012/7/16,86,70,Rain-Thunderstorm,6830,2012/7/16
2012/7/17,89,67,,6786,2012/7/17
2012/7/18,91,69,Rain-Thunderstorm,5713,2012/7/18
2012/7/19,85,70,Fog-Rain-Thunderstorm,6591,2012/7/19
2012/7/20,76,71,Rain-Thunderstorm,5870,2012/7/20
2012/7/21,69,66,Rain,4459,2012/7/21
2012/7/22,76,67,,7410,2012/7/22
2012/7/23,83,71,,6966,2012/7/23
2012/7/24,84,70,,7592,2012/7/24
2012/7/25,81,56,,8173,2012/7/25
2012/7/26,87,69,Rain,6861,2012/7/26
2012/7/27,86,69,,6904,2012/7/27
2012/7/28,86,68,Rain-Thunderstorm,6685,2012/7/28
2012/7/29,81,66,,6597,2012/7/29
2012/7/30,82,69,,7105,2012/7/30
2012/7/31,82,69,Rain-Thunderstorm,7216,2012/7/31
2012/8/1,82,68,Thunderstorm,7580,2012/8/1
2012/8/2,86,70,,7261,2012/8/2
2012/8/3,86,70,,7175,2012/8/3
2012/8/4,88,71,,6824,2012/8/4
2012/8/5,88,71,Rain-Thunderstorm,5464,2012/8/5
2012/8/6,86,70,Rain,7013,2012/8/6
2012/8/7,84,71,Rain,7273,2012/8/7
2012/8/8,84,71,,7534,2012/8/8
2012/8/9,86,68,,7286,2012/8/9
2012/8/10,80,70,Rain,5786,2012/8/10
2012/8/11,80,69,Rain,6299,2012/8/11
2012/8/12,80,60,Rain,6544,2012/8/12
2012/8/13,81,62,,6883,2012/8/13
2012/8/14,81,69,Rain,6784,2012/8/14
2012/8/15,80,65,,7347,2012/8/15
2012/8/16,80,59,,7605,2012/8/16
2012/8/17,83,63,Rain,7148,2012/8/17
2012/8/18,78,61,Rain,7865,2012/8/18
2012/8/19,74,64,Rain,4549,2012/8/19
2012/8/20,76,64,,6530,2012/8/20
2012/8/21,76,62,Rain,7006,2012/8/21
2012/8/22,77,64,Rain,7375,2012/8/22
2012/8/23,80,64,,7765,2012/8/23
2012/8/24,80,64,,7582,2012/8/24
2012/8/25,77,65,Rain,6053,2012/8/25
2012/8/26,78,69,Rain-Thunderstorm,5255,2012/8/26
2012/8/27,80,69,,6917,2012/8/27
2012/8/28,83,66,Rain,7040,2012/8/28
2012/8/29,78,59,,7697,2012/8/29
2012/8/30,79,63,,7713,2012/8/30
2012/8/31,85,66,,7350,2012/8/31
2012/9/1,84,70,Fog-Rain-Thunderstorm,6140,2012/9/1
2012/9/2,79,72,Rain,5810,2012/9/2
2012/9/3,80,72,,6034,2012/9/3
2012/9/4,83,72,Rain,6864,2012/9/4
2012/9/5,84,73,Rain,7112,2012/9/5
2012/9/6,79,72,Rain,6203,2012/9/6
2012/9/7,81,69,,7503,2012/9/7
2012/9/8,79,68,Fog-Rain-Thunderstorm,5976,2012/9/8
2012/9/9,71,53,,8227,2012/9/9
2012/9/10,69,48,,7525,2012/9/10
2012/9/11,68,47,,7767,2012/9/11
2012/9/12,71,53,,7870,2012/9/12
2012/9/13,71,57,,7804,2012/9/13
2012/9/14,74,61,,8009,2012/9/14
2012/9/15,71,50,,8714,2012/9/15
2012/9/16,68,51,,7333,2012/9/16
2012/9/17,67,60,Rain,6869,2012/9/17
2012/9/18,73,68,Fog-Rain,4073,2012/9/18
2012/9/19,66,47,,7591,2012/9/19
2012/9/20,65,51,,7720,2012/9/20
2012/9/21,70,58,,8167,2012/9/21
2012/9/22,76,61,,8395,2012/9/22
2012/9/23,63,42,,7907,2012/9/23
2012/9/24,63,42,,7436,2012/9/24
2012/9/25,65,49,,7538,2012/9/25
2012/9/26,75,60,Rain-Thunderstorm,7733,2012/9/26
2012/9/27,76,63,Rain-Thunderstorm,7393,2012/9/27
2012/9/28,73,60,Rain,7415,2012/9/28
2012/9/29,66,48,,8555,2012/9/29
2012/9/30,64,47,Rain,6889,2012/9/30
2012/10/1,63,50,Rain,6778,2012/10/1
2012/10/2,69,66,Fog-Rain,4639,2012/10/2
2012/10/3,76,68,Fog-Rain,7572,2012/10/3
2012/10/4,74,64,Rain,7328,2012/10/4
2012/10/5,72,57,,8156,2012/10/5
2012/10/6,67,53,,7965,2012/10/6
2012/10/7,53,44,Rain,3510,2012/10/7
2012/10/8,50,41,Rain,5478,2012/10/8
2012/10/9,56,48,Rain,6392,2012/10/9
2012/10/10,63,49,Rain,7691,2012/10/10
2012/10/11,56,34,,7570,2012/10/11
2012/10/12,57,37,,7281,2012/10/12
2012/10/13,51,32,,7109,2012/10/13
2012/10/14,64,50,,6639,2012/10/14
2012/10/15,65,57,Rain,5875,2012/10/15
2012/10/16,57,42,,7534,2012/10/16
2012/10/17,58,46,,7461,2012/10/17
2012/10/18,63,53,,7509,2012/10/18
2012/10/19,67,61,Rain,5424,2012/10/19
2012/10/20,60,43,,8090,2012/10/20
2012/10/21,58,39,,6824,2012/10/21
2012/10/22,61,42,,7058,2012/10/22
2012/10/23,65,52,,7466,2012/10/23
2012/10/24,72,55,,7693,2012/10/24
2012/10/25,67,59,,7359,2012/10/25
2012/10/26,66,59,,7444,2012/10/26
2012/10/27,65,54,,7852,2012/10/27
2012/10/28,58,48,Rain,4459,2012/10/28
2012/10/29,51,47,Rain,22,2012/10/29
2012/10/30,44,39,Rain,1096,2012/10/30
2012/10/31,49,37,,5566,2012/10/31
2012/11/1,48,34,Rain,5986,2012/11/1
2012/11/2,48,31,,5847,2012/11/2
2012/11/3,46,29,,5138,2012/11/3
2012/11/4,46,29,,5107,2012/11/4
2012/11/5,44,26,,5259,2012/11/5
2012/11/6,41,27,,5686,2012/11/6
2012/11/7,43,27,Rain,5035,2012/11/7
2012/11/8,48,19,Rain-Snow,5315,2012/11/8
2012/11/9,49,32,,5992,2012/11/9
2012/11/10,52,38,,6536,2012/11/10
2012/11/11,57,41,,6852,2012/11/11
2012/11/12,61,52,Rain,6269,2012/11/12
2012/11/13,52,36,Rain,4094,2012/11/13
2012/11/14,43,27,,5495,2012/11/14
2012/11/15,45,32,,5445,2012/11/15
2012/11/16,48,30,,5698,2012/11/16
2012/11/17,46,29,,5629,2012/11/17
2012/11/18,47,37,,4669,2012/11/18
2012/11/19,51,38,,5499,2012/11/19
2012/11/20,51,39,,5634,2012/11/20
2012/11/21,49,33,,5146,2012/11/21
2012/11/22,48,31,,2425,2012/11/22
2012/11/23,49,33,,3910,2012/11/23
2012/11/24,43,18,,2277,2012/11/24
2012/11/25,38,19,,2424,2012/11/25
2012/11/26,44,27,,5087,2012/11/26
2012/11/27,41,36,Rain,3959,2012/11/27
2012/11/28,44,24,,5260,2012/11/28
2012/11/29,41,26,,5323,2012/11/29
2012/11/30,44,31,,5668,2012/11/30
2012/12/1,44,37,,5191,2012/12/1
2012/12/2,47,41,Rain,4649,2012/12/2
2012/12/3,58,49,Fog,6234,2012/12/3
2012/12/4,61,50,,6606,2012/12/4
2012/12/5,52,35,Rain,5729,2012/12/5
2012/12/6,40,22,,5375,2012/12/6
2012/12/7,44,38,Rain,5008,2012/12/7
2012/12/8,51,48,Fog,5582,2012/12/8
2012/12/9,51,48,Fog-Rain,3228,2012/12/9
2012/12/10,56,53,Fog-Rain,5170,2012/12/10
2012/12/11,52,34,Rain,5501,2012/12/11
2012/12/12,43,27,,5319,2012/12/12
2012/12/13,43,24,,5532,2012/12/13
2012/12/14,41,30,,5611,2012/12/14
2012/12/15,46,33,,5047,2012/12/15
2012/12/16,49,44,Rain,3786,2012/12/16
2012/12/17,52,49,Rain,4585,2012/12/17
2012/12/18,53,41,Rain,5557,2012/12/18
2012/12/19,45,33,,5267,2012/12/19
2012/12/20,47,36,Rain,4128,2012/12/20
2012/12/21,49,32,Rain,3623,2012/12/21
2012/12/22,40,20,,1749,2012/12/22
2012/12/23,38,21,,1787,2012/12/23
2012/12/24,36,31,Rain-Snow,920,2012/12/24
2012/12/25,43,34,,1013,2012/12/25
2012/12/26,39,33,Rain-Snow,441,2012/12/26
2012/12/27,40,29,Rain,2114,2012/12/27
2012/12/28,41,25,,3095,2012/12/28
2012/12/29,39,32,Rain-Snow,1341,2012/12/29
2012/12/30,37,20,,1796,2012/12/30
2012/12/31,35,22,,2729,2012/12/31
2013/1/1,42,28,,1985,2013/1/1
2013/1/2,35,18,,3703,2013/1/2
2013/1/3,34,17,,3873,2013/1/3
2013/1/4,37,19,,4118,2013/1/4
2013/1/5,39,22,Rain,3562,2013/1/5
2013/1/6,44,28,,3790,2013/1/6
2013/1/7,42,25,,4774,2013/1/7
2013/1/8,42,31,,5311,2013/1/8
2013/1/9,44,36,Rain,5147,2013/1/9
2013/1/10,50,27,,5415,2013/1/10
2013/1/11,42,37,Fog-Rain,4150,2013/1/11
2013/1/12,47,43,Fog,5628,2013/1/12
2013/1/13,49,47,Fog-Rain,4145,2013/1/13
2013/1/14,53,47,Fog-Rain,5059,2013/1/14
2013/1/15,40,36,Rain,2923,2013/1/15
2013/1/16,40,36,Rain,3511,2013/1/16
2013/1/17,43,33,Rain,4817,2013/1/17
2013/1/18,36,17,,4512,2013/1/18
2013/1/19,44,25,,4974,2013/1/19
2013/1/20,50,21,,5768,2013/1/20
2013/1/21,40,18,,4574,2013/1/21
2013/1/22,26,-4,,2951,2013/1/22
2013/1/23,22,-1,Snow,3220,2013/1/23
2013/1/24,24,11,Snow,2448,2013/1/24
2013/1/25,22,8,Snow,2375,2013/1/25
2013/1/26,31,19,Snow,2765,2013/1/26
2013/1/27,33,19,,3032,2013/1/27
2013/1/28,40,31,Rain-Snow,2733,2013/1/28
2013/1/29,55,44,,5834,2013/1/29
2013/1/30,62,54,Rain,4687,2013/1/30
2013/1/31,49,31,Rain,4358,2013/1/31
2013/2/1,29,13,Snow,3201,2013/2/1
2013/2/2,26,15,Snow,2473,2013/2/2
2013/2/3,31,25,Snow,2586,2013/2/3
2013/2/4,32,14,,3946,2013/2/4
2013/2/5,38,26,,4613,2013/2/5
2013/2/6,42,25,Rain,4915,2013/2/6
2013/2/7,37,25,,4488,2013/2/7
2013/2/8,39,32,Rain,3390,2013/2/8
2013/2/9,37,16,,3466,2013/2/9
2013/2/10,36,17,,3613,2013/2/10
2013/2/11,46,41,Rain,4268,2013/2/11
2013/2/12,50,26,,5680,2013/2/12
2013/2/13,41,31,Rain-Snow,3556,2013/2/13
2013/2/14,43,29,,5170,2013/2/14
2013/2/15,48,33,Rain-Snow,5358,2013/2/15
2013/2/16,37,29,Rain-Snow,3239,2013/2/16
2013/2/17,30,9,,2508,2013/2/17
2013/2/18,32,9,,3361,2013/2/18
2013/2/19,43,30,Rain,3960,2013/2/19
2013/2/20,34,12,,4383,2013/2/20
2013/2/21,33,11,,4147,2013/2/21
2013/2/22,33,23,Rain-Snow,3562,2013/2/22
2013/2/23,40,37,Rain,2575,2013/2/23
2013/2/24,45,31,,4378,2013/2/24
2013/2/25,41,21,,5002,2013/2/25
2013/2/26,40,36,Rain,2784,2013/2/26
2013/2/27,50,37,Rain,5440,2013/2/27
2013/2/28,46,28,Rain,5128,2013/2/28
2013/3/1,42,26,,4941,2013/3/1
2013/3/2,36,20,,3741,2013/3/2
2013/3/3,37,17,,3095,2013/3/3
2013/3/4,38,14,,4454,2013/3/4
2013/3/5,43,18,Rain,5217,2013/3/5
2013/3/6,38,33,Rain-Snow,1136,2013/3/6
2013/3/7,45,27,,5043,2013/3/7
2013/3/8,45,25,,4870,2013/3/8
2013/3/9,48,23,,6835,2013/3/9
2013/3/10,50,28,,6829,2013/3/10
2013/3/11,53,43,,6087,2013/3/11
2013/3/12,51,48,Fog-Rain,4289,2013/3/12
2013/3/13,44,24,Rain,5742,2013/3/13
2013/3/14,41,14,,4881,2013/3/14
2013/3/15,46,22,,6384,2013/3/15
2013/3/16,51,37,Rain,6247,2013/3/16
2013/3/17,40,29,,3984,2013/3/17
2013/3/18,37,33,Rain-Snow,2768,2013/3/18
2013/3/19,50,29,,6001,2013/3/19
2013/3/20,47,11,,5887,2013/3/20
2013/3/21,37,14,Snow,4541,2013/3/21
2013/3/22,39,14,,5452,2013/3/22
2013/3/23,44,20,,6542,2013/3/23
2013/3/24,39,25,Rain-Snow,3888,2013/3/24
2013/3/25,36,32,Fog-Rain-Snow,1933,2013/3/25
2013/3/26,43,29,,5627,2013/3/26
2013/3/27,46,26,Rain,5856,2013/3/27
2013/3/28,45,26,Rain,5640,2013/3/28
2013/3/29,51,27,,7443,2013/3/29
2013/3/30,51,28,,9664,2013/3/30
2013/3/31,51,42,Rain,3821,2013/3/31
2013/4/1,55,37,Fog-Rain,6420,2013/4/1
2013/4/2,45,12,,5946,2013/4/2
2013/4/3,44,13,,6287,2013/4/3
2013/4/4,41,19,Rain,5872,2013/4/4
2013/4/5,53,32,Rain,7679,2013/4/5
2013/4/6,50,20,,9346,2013/4/6
2013/4/7,57,35,,9830,2013/4/7
2013/4/8,67,46,,8550,2013/4/8
2013/4/9,73,51,,9838,2013/4/9
2013/4/10,77,53,,9639,2013/4/10
2013/4/11,72,56,,9166,2013/4/11
2013/4/12,64,57,Fog-Rain-Thunderstorm,6064,2013/4/12
2013/4/13,60,40,,11369,2013/4/13
2013/4/14,59,39,,9695,2013/4/14
2013/4/15,60,46,Rain,6979,2013/4/15
2013/4/16,65,54,,8315,2013/4/16
2013/4/17,71,58,Rain,8563,2013/4/17
2013/4/18,70,58,Rain,7761,2013/4/18
2013/4/19,66,60,Rain-Thunderstorm,6178,2013/4/19
2013/4/20,55,28,Rain,8882,2013/4/20
2013/4/21,49,24,,7401,2013/4/21
2013/4/22,49,35,,6794,2013/4/22
2013/4/23,56,40,,7509,2013/4/23
2013/4/24,64,49,,8552,2013/4/24
2013/4/25,56,34,Rain,8332,2013/4/25
2013/4/26,58,35,,9074,2013/4/26
2013/4/27,61,39,,10904,2013/4/27
2013/4/28,60,41,Rain,7921,2013/4/28
2013/4/29,58,53,Rain,4333,2013/4/29
2013/4/30,59,54,Rain,5405,2013/4/30
2013/5/1,61,41,,8691,2013/5/1
2013/5/2,59,45,,8592,2013/5/2
2013/5/3,59,42,,8741,2013/5/3
2013/5/4,60,42,,9586,2013/5/4
2013/5/5,56,41,,8080,2013/5/5
2013/5/6,59,51,Rain,6565,2013/5/6
2013/5/7,63,58,Rain,4462,2013/5/7
2013/5/8,66,55,Rain,6669,2013/5/8
2013/5/9,67,56,Rain,7870,2013/5/9
2013/5/10,71,59,Fog-Rain-Thunderstorm,8957,2013/5/10
2013/5/11,72,62,Rain-Thunderstorm,6531,2013/5/11
2013/5/12,60,37,Rain,8103,2013/5/12
2013/5/13,55,25,,7441,2013/5/13
2013/5/14,55,31,,8122,2013/5/14
2013/5/15,72,51,Rain,8826,2013/5/15
2013/5/16,77,57,Rain,8971,2013/5/16
2013/5/17,73,51,,10155,2013/5/17
2013/5/18,64,56,Rain,6405,2013/5/18
2013/5/19,69,62,Fog-Rain,6734,2013/5/19
2013/5/20,74,65,Rain,8454,2013/5/20
2013/5/21,75,67,,9103,2013/5/21
2013/5/22,78,69,Rain,8987,2013/5/22
2013/5/23,75,66,Rain-Thunderstorm,8136,2013/5/23
2013/5/24,58,47,Rain,6698,2013/5/24
2013/5/25,57,31,,8039,2013/5/25
2013/5/26,63,33,,9960,2013/5/26
2013/5/27,63,41,,9067,2013/5/27
2013/5/28,74,60,Rain-Thunderstorm,7605,2013/5/28
2013/5/29,80,65,,9357,2013/5/29
2013/5/30,80,66,,8825,2013/5/30
2013/5/31,81,64,,9190,2013/5/31
2013/6/1,82,65,,9568,2013/6/1
2013/6/2,79,66,Rain-Thunderstorm,7746,2013/6/2
2013/6/3,76,65,Rain,7475,2013/6/3
2013/6/4,70,45,,10032,2013/6/4
2013/6/5,70,52,,10075,2013/6/5
2013/6/6,70,60,Rain,6925,2013/6/6
2013/6/7,71,67,Rain,2509,2013/6/7
2013/6/8,75,61,Rain,9863,2013/6/8
2013/6/9,76,65,Rain,9341,2013/6/9
2013/6/10,75,70,Fog-Rain-Thunderstorm,4429,2013/6/10
2013/6/11,77,63,,9271,2013/6/11
2013/6/12,81,63,,9269,2013/6/12
2013/6/13,81,66,Rain-Thunderstorm,7340,2013/6/13
2013/6/14,72,52,Rain,9900,2013/6/14
2013/6/15,74,54,,10546,2013/6/15
2013/6/16,78,63,Rain,8816,2013/6/16
2013/6/17,80,68,Rain,8703,2013/6/17
2013/6/18,73,68,Rain,7208,2013/6/18
2013/6/19,73,60,,10136,2013/6/19
2013/6/20,73,59,,10267,2013/6/20
2013/6/21,74,54,,10422,2013/6/21
2013/6/22,77,64,,10913,2013/6/22
2013/6/23,79,69,Rain,7276,2013/6/23
2013/6/24,82,71,Rain-Thunderstorm,8134,2013/6/24
2013/6/25,83,68,Rain-Thunderstorm,9276,2013/6/25
2013/6/26,82,69,Rain-Thunderstorm,8611,2013/6/26
2013/6/27,78,70,Rain,8889,2013/6/27
2013/6/28,79,69,Rain-Hail-Thunderstorm,6377,2013/6/28
2013/6/29,79,66,,10620,2013/6/29
2013/6/30,82,73,Rain-Thunderstorm,7181,2013/6/30
2013/7/1,79,71,Rain,7944,2013/7/1
2013/7/2,79,72,Rain,7953,2013/7/2
2013/7/3,81,72,Rain,7818,2013/7/3
2013/7/4,83,72,,10832,2013/7/4
2013/7/5,83,72,,10652,2013/7/5
2013/7/6,85,72,,8981,2013/7/6
2013/7/7,83,70,Rain,6949,2013/7/7
2013/7/8,80,68,Rain-Thunderstorm,8172,2013/7/8
2013/7/9,81,71,Rain,8848,2013/7/9
2013/7/10,83,73,Rain-Thunderstorm,8209,2013/7/10
2013/7/11,81,70,Rain,8942,2013/7/11
2013/7/12,73,67,Rain-Thunderstorm,5792,2013/7/12
2013/7/13,79,70,Rain,9372,2013/7/13
2013/7/14,82,73,,8497,2013/7/14
2013/7/15,86,71,,8108,2013/7/15
2013/7/16,88,70,,8515,2013/7/16
2013/7/17,89,71,,8720,2013/7/17
2013/7/18,88,75,Rain-Thunderstorm,7902,2013/7/18
2013/7/19,88,75,,8087,2013/7/19
2013/7/20,87,72,Thunderstorm,8706,2013/7/20
2013/7/21,86,69,Rain-Thunderstorm,8538,2013/7/21
2013/7/22,83,72,Rain,8796,2013/7/22
2013/7/23,83,69,Rain-Thunderstorm,9335,2013/7/23
2013/7/24,80,63,,9856,2013/7/24
2013/7/25,74,56,,10228,2013/7/25
2013/7/26,76,59,,10370,2013/7/26
2013/7/27,79,67,Rain-Thunderstorm,8474,2013/7/27
2013/7/28,78,68,Rain,8242,2013/7/28
2013/7/29,76,57,,9328,2013/7/29
2013/7/30,76,56,,9980,2013/7/30
2013/7/31,77,65,Rain,8773,2013/7/31
2013/8/1,77,69,Rain-Thunderstorm,7844,2013/8/1
2013/8/2,80,63,,9940,2013/8/2
2013/8/3,76,64,Rain,8532,2013/8/3
2013/8/4,76,57,,10511,2013/8/4
2013/8/5,73,54,,10162,2013/8/5
2013/8/6,72,64,Rain,8469,2013/8/6
2013/8/7,79,68,Rain,9827,2013/8/7
2013/8/8,82,72,Rain-Thunderstorm,8972,2013/8/8
2013/8/9,86,71,,9545,2013/8/9
2013/8/10,80,66,Rain,10162,2013/8/10
2013/8/11,80,67,,9596,2013/8/11
2013/8/12,83,67,Rain,9613,2013/8/12
2013/8/13,80,69,Rain-Thunderstorm,8395,2013/8/13
2013/8/14,70,50,,10497,2013/8/14
2013/8/15,70,50,,10800,2013/8/15
2013/8/16,72,54,,10889,2013/8/16
2013/8/17,72,57,,11168,2013/8/17
2013/8/18,71,61,Rain,5835,2013/8/18
2013/8/19,70,63,,9066,2013/8/19
2013/8/20,79,67,,9692,2013/8/20
2013/8/21,81,71,Rain-Thunderstorm,9241,2013/8/21
2013/8/22,83,67,Rain,9650,2013/8/22
2013/8/23,73,63,Rain,7699,2013/8/23
2013/8/24,75,58,,10990,2013/8/24
2013/8/25,74,57,,9584,2013/8/25
2013/8/26,77,59,,9385,2013/8/26
2013/8/27,84,66,Rain,9622,2013/8/27
2013/8/28,79,70,Rain,7735,2013/8/28
2013/8/29,81,69,Rain,9435,2013/8/29
2013/8/30,80,67,,9748,2013/8/30
2013/8/31,83,69,,9479,2013/8/31
2013/9/1,83,69,,9300,2013/9/1
2013/9/2,83,70,Rain-Thunderstorm,8122,2013/9/2
2013/9/3,79,60,,8944,2013/9/3
2013/9/4,75,53,,9826,2013/9/4
2013/9/5,78,55,,10007,2013/9/5
2013/9/6,70,47,,10258,2013/9/6
2013/9/7,71,57,,10236,2013/9/7
2013/9/8,80,62,Rain,9516,2013/9/8
2013/9/9,73,60,,9141,2013/9/9
2013/9/10,83,70,,9570,2013/9/10
2013/9/11,85,72,,9267,2013/9/11
2013/9/12,83,69,Rain-Thunderstorm,7079,2013/9/12
2013/9/13,72,56,Rain,10056,2013/9/13
2013/9/14,65,44,,11269,2013/9/14
2013/9/15,66,51,,9855,2013/9/15
2013/9/16,70,56,Rain,8359,2013/9/16
2013/9/17,63,43,,9968,2013/9/17
2013/9/18,63,47,,10059,2013/9/18
2013/9/19,67,54,,10461,2013/9/19
2013/9/20,72,57,,10676,2013/9/20
2013/9/21,72,62,Rain,6919,2013/9/21
2013/9/22,67,53,Rain,9442,2013/9/22
2013/9/23,62,43,,9067,2013/9/23
2013/9/24,63,45,,9606,2013/9/24
2013/9/25,66,46,,9615,2013/9/25
2013/9/26,68,52,,9893,2013/9/26
2013/9/27,67,55,,9989,2013/9/27
2013/9/28,67,53,,10190,2013/9/28
2013/9/29,66,53,,9365,2013/9/29
2013/9/30,66,52,,9132,2013/9/30
2013/10/1,72,57,,10358,2013/10/1
2013/10/2,76,59,,10385,2013/10/2
2013/10/3,76,62,,10157,2013/10/3
2013/10/4,78,64,,10263,2013/10/4
2013/10/5,79,66,,10586,2013/10/5
2013/10/6,80,65,,9776,2013/10/6
2013/10/7,68,62,Rain-Thunderstorm,5880,2013/10/7
2013/10/8,62,46,,9944,2013/10/8
2013/10/9,60,49,Rain,6438,2013/10/9
2013/10/10,58,54,Rain,2532,2013/10/10
2013/10/11,62,60,Rain-Thunderstorm,1800,2013/10/11
2013/10/12,66,59,Rain,5261,2013/10/12
2013/10/13,63,57,Rain,6027,2013/10/13
2013/10/14,64,53,,8940,2013/10/14
2013/10/15,64,52,Rain,9381,2013/10/15
2013/10/16,68,59,Rain,9729,2013/10/16
2013/10/17,70,61,Rain,9548,2013/10/17
2013/10/18,61,43,,10373,2013/10/18
2013/10/19,60,51,Rain,9415,2013/10/19
2013/10/20,58,36,,8594,2013/10/20
2013/10/21,57,43,,9056,2013/10/21
2013/10/22,60,45,Rain,9074,2013/10/22
2013/10/23,54,36,Rain,7970,2013/10/23
2013/10/24,48,29,,7897,2013/10/24
2013/10/25,48,29,,7953,2013/10/25
2013/10/26,46,29,,7983,2013/10/26
2013/10/27,53,35,,8022,2013/10/27
2013/10/28,55,39,,8603,2013/10/28
2013/10/29,55,41,,9134,2013/10/29
2013/10/30,59,52,Rain,8144,2013/10/30
2013/10/31,62,56,Rain,8429,2013/10/31
2013/11/1,67,59,Rain,8180,2013/11/1
2013/11/2,62,45,Rain,9490,2013/11/2
2013/11/3,52,32,,7735,2013/11/3
2013/11/4,43,22,,6954,2013/11/4
2013/11/5,50,38,,8223,2013/11/5
2013/11/6,61,49,,8877,2013/11/6
2013/11/7,55,47,Rain,8065,2013/11/7
2013/11/8,45,23,,7588,2013/11/8
2013/11/9,45,28,,7618,2013/11/9
2013/11/10,54,29,,7260,2013/11/10
2013/11/11,49,29,,7264,2013/11/11
2013/11/12,44,22,,6162,2013/11/12
2013/11/13,39,17,,6544,2013/11/13
2013/11/14,42,24,,7359,2013/11/14
2013/11/15,48,31,Rain,7754,2013/11/15
2013/11/16,51,47,Rain,6891,2013/11/16
2013/11/17,59,53,Rain,7025,2013/11/17
2013/11/18,62,40,Rain,8350,2013/11/18
2013/11/19,47,25,,7522,2013/11/19
2013/11/20,43,24,,7409,2013/11/20
2013/11/21,44,34,,7588,2013/11/21
2013/11/22,55,45,,8230,2013/11/22
2013/11/23,47,25,Snow,6180,2013/11/23
2013/11/24,30,4,,3227,2013/11/24
2013/11/25,31,8,,5360,2013/11/25
2013/11/26,42,32,Rain,1901,2013/11/26
2013/11/27,37,31,Rain-Snow,2264,2013/11/27
2013/11/28,34,15,,1603,2013/11/28
2013/11/29,37,20,,2956,2013/11/29
2013/11/30,34,20,,3042,2013/11/30
2013/12/1,39,28,,3727,2013/12/1
2013/12/2,46,35,,6385,2013/12/2
2013/12/3,49,36,,7523,2013/12/3
2013/12/4,49,42,,7674,2013/12/4
2013/12/5,59,54,Fog-Rain,8243,2013/12/5
2013/12/6,53,48,Fog-Rain,2976,2013/12/6
2013/12/7,39,31,Rain,4931,2013/12/7
2013/12/8,32,26,Rain-Snow,1376,2013/12/8
2013/12/9,35,32,Rain,3473,2013/12/9
2013/12/10,36,29,Fog-Rain-Snow,2724,2013/12/10
2013/12/11,34,21,,5530,2013/12/11
2013/12/12,31,13,,5133,2013/12/12
2013/12/13,35,17,,5686,2013/12/13
2013/12/14,38,32,Rain,2828,2013/12/14
2013/12/15,42,30,,4354,2013/12/15
2013/12/16,36,23,,5669,2013/12/16
2013/12/17,38,29,Rain-Snow,5407,2013/12/17
2013/12/18,38,24,Snow,5840,2013/12/18
2013/12/19,46,27,,6716,2013/12/19
2013/12/20,52,34,,6575,2013/12/20
2013/12/21,62,49,,6495,2013/12/21
2013/12/22,65,58,Fog-Rain,2849,2013/12/22
2013/12/23,53,53,Fog-Rain,2031,2013/12/23
2013/12/24,35,18,Snow,2369,2013/12/24
2013/12/25,28,11,,1012,2013/12/25
2013/12/26,36,22,,2469,2013/12/26
2013/12/27,40,25,,3619,2013/12/27
2013/12/28,44,28,,4450,2013/12/28
2013/12/29,47,40,Rain,1460,2013/12/29
2013/12/30,42,31,,4400,2013/12/30
2013/12/31,40,19,,4166,2013/12/31
2014/1/1,39,24,,3041,2014/1/1
2014/1/2,36,31,Fog-Rain-Snow,3356,2014/1/2
2014/1/3,26,10,Snow,1634,2014/1/3
2014/1/4,26,11,,2281,2014/1/4
2014/1/5,37,32,Fog-Rain,2080,2014/1/5
2014/1/6,30,30,Fog-Rain,3553,2014/1/6
2014/1/7,14,-11,,2330,2014/1/7
2014/1/8,22,2,,3976,2014/1/8
2014/1/9,35,19,,4992,2014/1/9
2014/1/10,34,32,Fog-Rain,1861,2014/1/10
2014/1/11,48,42,Fog-Rain,1984,2014/1/11
2014/1/12,34,30,,5467,2014/1/12
2014/1/13,47,34,,6919,2014/1/13
2014/1/14,48,42,Fog-Rain,5126,2014/1/14
2014/1/15,45,37,Fog-Rain,6510,2014/1/15
2014/1/16,38,21,Snow,6067,2014/1/16
2014/1/17,40,28,,6185,2014/1/17
2014/1/18,33,16,Rain-Snow,3352,2014/1/18
2014/1/19,38,18,,4145,2014/1/19
2014/1/20,49,25,,5368,2014/1/20
2014/1/21,29,20,Snow,1766,2014/1/21
2014/1/22,14,-4,,1463,2014/1/22
2014/1/23,20,1,Snow,2450,2014/1/23
2014/1/24,18,-3,,2651,2014/1/24
2014/1/25,29,8,Snow,2293,2014/1/25
2014/1/26,27,10,,2588,2014/1/26
2014/1/27,39,17,,4535,2014/1/27
2014/1/28,18,-4,Snow,3160,2014/1/28
2014/1/29,20,0,Snow,3185,2014/1/29
2014/1/30,25,4,,4209,2014/1/30
2014/1/31,38,13,,5479,2014/1/31
2014/2/1,41,22,,5409,2014/2/1
2014/2/2,49,30,,5471,2014/2/2
2014/2/3,42,34,Rain-Snow,2493,2014/2/3
2014/2/4,35,24,Rain,5226,2014/2/4
2014/2/5,39,31,Rain,3800,2014/2/5
2014/2/6,34,15,,5243,2014/2/6
2014/2/7,37,18,,5447,2014/2/7
2014/2/8,33,13,Snow,4079,2014/2/8
2014/2/9,33,23,Rain-Snow,3146,2014/2/9
2014/2/10,30,13,,4482,2014/2/10
2014/2/11,29,7,,4783,2014/2/11
2014/2/12,25,13,Snow,3987,2014/2/12
2014/2/13,33,29,Rain-Snow,56,2014/2/13
2014/2/14,43,25,,1949,2014/2/14
2014/2/15,36,26,Rain-Snow,1781,2014/2/15
2014/2/16,33,14,,2876,2014/2/16
2014/2/17,32,11,,3349,2014/2/17
2014/2/18,44,26,Snow,5154,2014/2/18
2014/2/19,49,36,Rain,5682,2014/2/19
2014/2/20,47,31,,6631,2014/2/20
2014/2/21,55,43,Rain,5844,2014/2/21
2014/2/22,49,30,Fog,7896,2014/2/22
2014/2/23,55,30,,6152,2014/2/23
2014/2/24,41,16,,5459,2014/2/24
2014/2/25,35,20,Snow,4595,2014/2/25
2014/2/26,33,19,Snow,3958,2014/2/26
2014/2/27,32,8,,4940,2014/2/27
2014/2/28,22,-5,,4143,2014/2/28
2014/3/1,35,15,,4604,2014/3/1
2014/3/2,45,33,Rain,3531,2014/3/2
2014/3/3,28,18,Rain-Snow,429,2014/3/3
2014/3/4,24,4,,2279,2014/3/4
2014/3/5,35,15,,4554,2014/3/5
2014/3/6,31,16,,4875,2014/3/6
2014/3/7,39,25,,5114,2014/3/7
2014/3/8,50,31,,8494,2014/3/8
2014/3/9,47,25,,5979,2014/3/9
2014/3/10,50,28,,6831,2014/3/10
2014/3/11,58,36,,8446,2014/3/11
2014/3/12,51,41,Rain,6288,2014/3/12
2014/3/13,30,3,,4022,2014/3/13
2014/3/14,44,16,,7035,2014/3/14
2014/3/15,59,24,,10471,2014/3/15
2014/3/16,40,26,Fog-Rain-Snow,4871,2014/3/16
2014/3/17,30,22,Fog-Snow,1296,2014/3/17
2014/3/18,37,22,,4707,2014/3/18
2014/3/19,40,36,Rain,3791,2014/3/19
2014/3/20,52,34,Fog,7602,2014/3/20
2014/3/21,51,32,,7757,2014/3/21
2014/3/22,59,34,,10969,2014/3/22
2014/3/23,43,23,,5364,2014/3/23
2014/3/24,35,8,,5435,2014/3/24
2014/3/25,34,28,Snow,3119,2014/3/25
2014/3/26,35,14,Snow,4980,2014/3/26
2014/3/27,40,17,,6512,2014/3/27
2014/3/28,57,44,Rain,6741,2014/3/28
2014/3/29,58,55,Fog-Rain,2298,2014/3/29
2014/3/30,45,39,Rain-Snow,906,2014/3/30
2014/3/31,55,30,Rain,8268,2014/3/31
2014/4/1,56,34,,9476,2014/4/1
2014/4/2,57,42,,8987,2014/4/2
2014/4/3,61,45,Rain,9188,2014/4/3
2014/4/4,57,45,Rain,8972,2014/4/4
2014/4/5,53,35,,10841,2014/4/5
2014/4/6,51,22,,9932,2014/4/6
2014/4/7,48,45,Rain,2842,2014/4/7
2014/4/8,60,47,Rain,8957,2014/4/8
2014/4/9,57,33,,9993,2014/4/9
2014/4/10,59,35,,11355,2014/4/10
2014/4/11,71,44,Rain,11539,2014/4/11
2014/4/12,67,44,,15755,2014/4/12
2014/4/13,70,53,,14578,2014/4/13
2014/4/14,73,55,Rain,10724,2014/4/14
2014/4/15,55,52,Rain-Snow,1842,2014/4/15
2014/4/16,43,18,,7851,2014/4/16
2014/4/17,48,30,,8713,2014/4/17
2014/4/18,48,32,,9428,2014/4/18
2014/4/19,59,36,,12024,2014/4/19
2014/4/20,56,36,,9627,2014/4/20
2014/4/21,57,35,,9750,2014/4/21
2014/4/22,62,51,Rain,9205,2014/4/22
2014/4/23,55,34,,9029,2014/4/23
2014/4/24,56,26,,9985,2014/4/24
2014/4/25,59,43,Rain-Thunderstorm,7658,2014/4/25
2014/4/26,64,44,Rain,11627,2014/4/26
2014/4/27,60,35,,11161,2014/4/27
2014/4/28,56,43,Rain,6487,2014/4/28
2014/4/29,48,47,Rain,3148,2014/4/29
2014/4/30,60,56,Fog-Rain-Thunderstorm,1816,2014/4/30
2014/5/1,67,55,Fog-Rain,9690,2014/5/1
2014/5/2,64,38,,10449,2014/5/2
2014/5/3,66,43,Rain,11302,2014/5/3
2014/5/4,68,41,,10642,2014/5/4
2014/5/5,58,37,Rain-Thunderstorm,8169,2014/5/5
2014/5/6,64,47,Rain,10530,2014/5/6
2014/5/7,60,47,Rain-Thunderstorm,8649,2014/5/7
2014/5/8,73,58,Rain,10523,2014/5/8
2014/5/9,69,60,Rain,10539,2014/5/9
2014/5/10,73,62,Rain,8329,2014/5/10
2014/5/11,72,54,,11092,2014/5/11
2014/5/12,75,63,Rain,9516,2014/5/12
2014/5/13,78,65,Thunderstorm,10046,2014/5/13
2014/5/14,64,60,Rain,9815,2014/5/14
2014/5/15,74,66,Rain,9487,2014/5/15
2014/5/16,64,55,Rain,8117,2014/5/16
2014/5/17,61,41,,11334,2014/5/17
2014/5/18,61,38,,10328,2014/5/18
2014/5/19,62,38,,10534,2014/5/19
2014/5/20,67,47,,10956,2014/5/20
2014/5/21,72,59,Rain-Thunderstorm,8601,2014/5/21
2014/5/22,77,61,Rain,10450,2014/5/22
2014/5/23,71,47,,10532,2014/5/23
2014/5/24,68,48,,10644,2014/5/24
2014/5/25,72,50,,12206,2014/5/25
2014/5/26,76,58,,10809,2014/5/26
2014/5/27,81,65,Rain-Thunderstorm,8327,2014/5/27
2014/5/28,75,64,Rain,10030,2014/5/28
2014/5/29,60,55,Rain,5366,2014/5/29
2014/5/30,68,55,,10930,2014/5/30
2014/5/31,71,49,,12209,2014/5/31
2014/6/1,68,52,,11075,2014/6/1
2014/6/2,70,54,,10466,2014/6/2
2014/6/3,77,64,Rain,10519,2014/6/3
2014/6/4,80,63,Rain,10275,2014/6/4
2014/6/5,74,60,Rain,10854,2014/6/5
2014/6/6,72,50,,11956,2014/6/6
2014/6/7,75,55,,12002,2014/6/7
2014/6/8,76,61,Rain,10740,2014/6/8
2014/6/9,78,68,Rain,10623,2014/6/9
2014/6/10,81,70,Rain,9619,2014/6/10
2014/6/11,80,69,Rain-Thunderstorm,8734,2014/6/11
2014/6/12,76,69,Rain,9314,2014/6/12
2014/6/13,78,68,Rain-Thunderstorm,9590,2014/6/13
2014/6/14,72,54,,12046,2014/6/14
2014/6/15,72,55,,11187,2014/6/15
2014/6/16,79,64,,10624,2014/6/16
2014/6/17,85,69,,10623,2014/6/17
2014/6/18,86,69,,10106,2014/6/18
2014/6/19,81,67,Rain-Thunderstorm,10570,2014/6/19
2014/6/20,79,57,,11780,2014/6/20
2014/6/21,72,59,Rain,9939,2014/6/21
2014/6/22,75,62,Rain,10948,2014/6/22
2014/6/23,77,60,,10984,2014/6/23
2014/6/24,78,64,,11301,2014/6/24
2014/6/25,82,71,Rain-Thunderstorm,10311,2014/6/25
2014/6/26,82,64,,11087,2014/6/26
2014/6/27,80,65,,10749,2014/6/27
2014/6/28,78,59,,10974,2014/6/28
2014/6/29,78,56,,10934,2014/6/29
2014/6/30,81,65,,10593,2014/6/30
2014/7/1,85,70,,10600,2014/7/1
2014/7/2,88,71,Rain-Thunderstorm,9699,2014/7/2
2014/7/3,84,71,Rain-Thunderstorm,8696,2014/7/3
2014/7/4,76,59,Rain,12024,2014/7/4
2014/7/5,75,48,,12927,2014/7/5
2014/7/6,77,57,,11033,2014/7/6
2014/7/7,84,62,,10165,2014/7/7
2014/7/8,84,65,Rain-Thunderstorm,8629,2014/7/8
2014/7/9,81,68,Rain-Thunderstorm,8900,2014/7/9
2014/7/10,78,66,Rain-Thunderstorm,8800,2014/7/10
2014/7/11,79,65,,11346,2014/7/11
2014/7/12,82,68,,11611,2014/7/12
2014/7/13,85,69,Rain-Thunderstorm,9434,2014/7/13
2014/7/14,85,71,Rain-Thunderstorm,8610,2014/7/14
2014/7/15,81,70,Rain-Thunderstorm,7929,2014/7/15
2014/7/16,77,58,,11425,2014/7/16
2014/7/17,75,53,,11709,2014/7/17
2014/7/18,77,54,,11784,2014/7/18
2014/7/19,79,58,Rain,11898,2014/7/19
2014/7/20,79,65,,10933,2014/7/20
2014/7/21,80,65,,11127,2014/7/21
2014/7/22,81,68,,11307,2014/7/22
2014/7/23,85,69,Rain-Thunderstorm,10315,2014/7/23
2014/7/24,77,63,Rain,10803,2014/7/24
2014/7/25,75,55,,12421,2014/7/25
2014/7/26,80,65,Rain,12118,2014/7/26
2014/7/27,80,69,Rain,10089,2014/7/27
2014/7/28,79,62,Rain-Thunderstorm,10774,2014/7/28
2014/7/29,72,50,,11444,2014/7/29
2014/7/30,70,52,,11501,2014/7/30
2014/7/31,78,61,,11106,2014/7/31
2014/8/1,74,65,Rain,9974,2014/8/1
2014/8/2,76,63,Rain,10919,2014/8/2
2014/8/3,78,67,Rain-Thunderstorm,9919,2014/8/3
2014/8/4,79,64,,10999,2014/8/4
2014/8/5,81,64,Rain,10828,2014/8/5
2014/8/6,78,64,Rain-Thunderstorm,11109,2014/8/6
2014/8/7,79,59,,11175,2014/8/7
2014/8/8,77,57,,11371,2014/8/8
2014/8/9,79,64,,10457,2014/8/9
2014/8/10,80,63,,10782,2014/8/10
2014/8/11,78,62,Rain,9687,2014/8/11
2014/8/12,76,69,Rain-Thunderstorm,6030,2014/8/12
2014/8/13,78,62,,11019,2014/8/13
2014/8/14,75,53,,11131,2014/8/14
2014/8/15,72,49,,12048,2014/8/15
2014/8/16,75,52,,12360,2014/8/16
2014/8/17,80,64,Rain,10681,2014/8/17
2014/8/18,78,63,,10842,2014/8/18
2014/8/19,80,67,Rain,10646,2014/8/19
2014/8/20,81,64,Rain-Thunderstorm,9256,2014/8/20
2014/8/21,81,68,Rain,9850,2014/8/21
2014/8/22,79,68,Rain,10354,2014/8/22
2014/8/23,74,66,Rain,6513,2014/8/23
2014/8/24,75,60,,10933,2014/8/24
2014/8/25,75,59,,10860,2014/8/25
2014/8/26,78,61,,10988,2014/8/26
2014/8/27,79,65,Fog,11248,2014/8/27
2014/8/28,79,60,,11171,2014/8/28
2014/8/29,75,52,,11733,2014/8/29
2014/8/30,78,65,,10309,2014/8/30
2014/8/31,87,71,Rain-Thunderstorm,9026,2014/8/31
2014/9/1,86,72,Rain-Thunderstorm,8405,2014/9/1
2014/9/2,86,71,Rain-Thunderstorm,8717,2014/9/2
2014/9/3,83,66,,10544,2014/9/3
2014/9/4,83,68,,10929,2014/9/4
2014/9/5,85,72,,11109,2014/9/5
2014/9/6,85,70,Rain-Thunderstorm,9436,2014/9/6
2014/9/7,77,58,,11365,2014/9/7
2014/9/8,74,59,Rain,10493,2014/9/8
2014/9/9,75,63,,11090,2014/9/9
2014/9/10,77,63,,11371,2014/9/10
2014/9/11,82,67,,11108,2014/9/11
2014/9/12,74,55,,12283,2014/9/12
2014/9/13,68,59,Rain,8302,2014/9/13
2014/9/14,65,48,,12051,2014/9/14
2014/9/15,68,53,,11477,2014/9/15
2014/9/16,72,55,,12262,2014/9/16
2014/9/17,69,50,,11764,2014/9/17
2014/9/18,73,56,,11627,2014/9/18
2014/9/19,70,56,,11972,2014/9/19
2014/9/20,74,59,,12835,2014/9/20
2014/9/21,75,60,,10868,2014/9/21
2014/9/22,68,45,,11140,2014/9/22
2014/9/23,65,43,,11730,2014/9/23
2014/9/24,66,54,Rain,9397,2014/9/24
2014/9/25,66,60,Rain,6717,2014/9/25
2014/9/26,70,55,Rain,12287,2014/9/26
2014/9/27,73,54,,12781,2014/9/27
2014/9/28,72,58,,11034,2014/9/28
2014/9/29,70,62,,10739,2014/9/29
2014/9/30,73,62,Rain,11764,2014/9/30
2014/10/1,72,61,Rain,10657,2014/10/1
2014/10/2,71,58,Rain,11834,2014/10/2
2014/10/3,69,60,Rain,11047,2014/10/3
2014/10/4,61,53,Rain,10754,2014/10/4
2014/10/5,55,36,,9763,2014/10/5
2014/10/6,63,45,,10761,2014/10/6
2014/10/7,69,54,Rain-Thunderstorm,9581,2014/10/7
2014/10/8,70,50,Rain,11365,2014/10/8
2014/10/9,66,45,,11356,2014/10/9
2014/10/10,61,49,Rain,8243,2014/10/10
2014/10/11,58,51,Rain,5774,2014/10/11
2014/10/12,59,47,,9527,2014/10/12
2014/10/13,65,59,Fog-Rain,6695,2014/10/13
2014/10/14,73,64,,11020,2014/10/14
2014/10/15,71,65,Fog-Rain-Thunderstorm,6157,2014/10/15
2014/10/16,64,56,Rain,10182,2014/10/16
2014/10/17,66,53,,12074,2014/10/17
2014/10/18,65,46,,10940,2014/10/18
2014/10/19,56,34,,8221,2014/10/19
2014/10/20,58,43,Rain,9532,2014/10/20
2014/10/21,64,49,Rain,7565,2014/10/21
2014/10/22,57,49,Rain,4444,2014/10/22
2014/10/23,61,42,,9848,2014/10/23
2014/10/24,63,39,,10563,2014/10/24
2014/10/25,62,42,,11335,2014/10/25
2014/10/26,62,33,,10358,2014/10/26
2014/10/27,59,39,,10622,2014/10/27
2014/10/28,69,50,,11707,2014/10/28
2014/10/29,61,52,Rain,9506,2014/10/29
2014/10/30,56,39,,10147,2014/10/30
2014/10/31,53,36,,9666,2014/10/31
2014/11/1,51,37,Rain,6130,2014/11/1
2014/11/2,49,24,Rain,5698,2014/11/2
2014/11/3,55,22,,8661,2014/11/3
2014/11/4,58,37,,9921,2014/11/4
2014/11/5,61,44,Rain,9241,2014/11/5
2014/11/6,60,50,Rain,7390,2014/11/6
2014/11/7,51,32,,8782,2014/11/7
2014/11/8,45,27,,7652,2014/11/8
2014/11/9,53,36,,7942,2014/11/9
2014/11/10,54,40,,9408,2014/11/10
2014/11/11,58,51,Rain,10891,2014/11/11
2014/11/12,57,49,Fog,9629,2014/11/12
2014/11/13,44,29,Rain,7193,2014/11/13
2014/11/14,40,19,,7077,2014/11/14
2014/11/15,40,18,,6016,2014/11/15
2014/11/16,43,26,Rain,4783,2014/11/16
2014/11/17,47,40,Rain,4133,2014/11/17
2014/11/18,34,5,,5571,2014/11/18
2014/11/19,31,8,,6037,2014/11/19
2014/11/20,46,18,,7297,2014/11/20
2014/11/21,35,8,,6413,2014/11/21
2014/11/22,39,18,,5627,2014/11/22
2014/11/23,48,34,Rain,5647,2014/11/23
2014/11/24,65,55,Rain,9270,2014/11/24
2014/11/25,59,38,,8204,2014/11/25
2014/11/26,44,35,Rain-Snow,1447,2014/11/26
2014/11/27,44,30,,1871,2014/11/27
2014/11/28,38,19,,2647,2014/11/28
2014/11/29,42,24,,3696,2014/11/29
2014/11/30,54,37,,5024,2014/11/30
2014/12/1,58,44,Rain,6382,2014/12/1
2014/12/2,42,33,Rain,2682,2014/12/2
2014/12/3,48,39,Rain,6947,2014/12/3
2014/12/4,42,27,Rain,7391,2014/12/4
2014/12/5,42,33,Rain,6033,2014/12/5
2014/12/6,49,43,Rain,2704,2014/12/6
2014/12/7,44,24,,5314,2014/12/7
2014/12/8,37,22,,6072,2014/12/8
2014/12/9,41,33,Rain,3320,2014/12/9
2014/12/10,46,29,,6749,2014/12/10
2014/12/11,41,16,,6377,2014/12/11
2014/12/12,42,20,,6833,2014/12/12
2014/12/13,40,26,,5679,2014/12/13
2014/12/14,46,33,,5311,2014/12/14
2014/12/15,49,38,,7707,2014/12/15
2014/12/16,45,41,Rain,6008,2014/12/16
2014/12/17,49,33,,7434,2014/12/17
2014/12/18,40,21,,6370,2014/12/18
2014/12/19,39,22,,5918,2014/12/19
2014/12/20,35,20,,3889,2014/12/20
2014/12/21,40,24,,3619,2014/12/21
2014/12/22,37,31,Rain-Snow,3001,2014/12/22
2014/12/23,44,41,Fog-Rain,3755,2014/12/23
2014/12/24,53,47,Fog-Rain,1224,2014/12/24
2014/12/25,54,38,Rain,1662,2014/12/25
2014/12/26,44,32,,2948,2014/12/26
2014/12/27,48,33,,4219,2014/12/27
2014/12/28,52,41,Rain,2888,2014/12/28
2014/12/29,46,29,Rain,5188,2014/12/29
2014/12/30,38,19,,5343,2014/12/30
2014/12/31,34,13,,4254,2014/12/31
2015/1/1,37,16,,2611,2015/1/1
2015/1/2,42,24,,5155,2015/1/2
2015/1/3,38,35,Fog-Rain,1718,2015/1/3
2015/1/4,55,45,Rain,3711,2015/1/4
2015/1/5,41,12,,5262,2015/1/5
2015/1/6,28,16,Snow,2086,2015/1/6
2015/1/7,23,5,Snow,3063,2015/1/7
2015/1/8,19,-4,,2976,2015/1/8
2015/1/9,34,7,,4237,2015/1/9
2015/1/10,25,-1,,2694,2015/1/10
2015/1/11,32,14,Rain,3486,2015/1/11
2015/1/12,39,33,Rain,2168,2015/1/12
2015/1/13,36,19,,5520,2015/1/13
2015/1/14,30,19,Snow,4598,2015/1/14
2015/1/15,37,23,,5812,2015/1/15
2015/1/16,38,23,,5729,2015/1/16
2015/1/17,34,16,,4265,2015/1/17
2015/1/18,40,34,Rain,2548,2015/1/18
2015/1/19,42,26,,4687,2015/1/19
2015/1/20,41,28,,6316,2015/1/20
2015/1/21,37,29,Fog-Rain-Snow,5402,2015/1/21
2015/1/22,43,29,Rain,6424,2015/1/22
2015/1/23,37,29,Rain-Snow,4774,2015/1/23
2015/1/24,41,32,Rain,3504,2015/1/24
2015/1/25,44,29,,5210,2015/1/25
2015/1/26,38,29,Rain-Snow,2448,2015/1/26
2015/1/27,34,21,Snow,4102,2015/1/27
2015/1/28,32,8,,5131,2015/1/28
2015/1/29,33,16,Rain-Snow,4679,2015/1/29
2015/1/30,33,18,Snow,4905,2015/1/30
2015/1/31,28,6,,3371,2015/1/31
2015/2/1,36,20,Rain-Snow,3621,2015/2/1
2015/2/2,39,27,Rain,3911,2015/2/2
2015/2/3,32,8,,5162,2015/2/3
2015/2/4,42,23,,6138,2015/2/4
2015/2/5,33,11,,5076,2015/2/5
2015/2/6,28,4,,5006,2015/2/6
2015/2/7,38,17,,5036,2015/2/7
2015/2/8,52,27,,6829,2015/2/8
2015/2/9,40,32,Rain,5017,2015/2/9
2015/2/10,37,26,Rain-Snow,5768,2015/2/10
2015/2/11,38,20,,6708,2015/2/11
2015/2/12,32,19,Snow,5509,2015/2/12
2015/2/13,23,-1,,4078,2015/2/13
2015/2/14,32,13,Snow,3004,2015/2/14
2015/2/15,17,-9,,1055,2015/2/15
2015/2/16,15,2,Snow,1335,2015/2/16
2015/2/17,24,11,Snow,1198,2015/2/17
2015/2/18,24,12,Fog-Snow,3183,2015/2/18
2015/2/19,16,-5,Snow,2720,2015/2/19
2015/2/20,14,-9,,2517,2015/2/20
2015/2/21,25,17,Rain-Snow,758,2015/2/21
2015/2/22,14,31,Rain,2021,2015/2/22
2015/2/23,30,10,,3655,2015/2/23
2015/2/24,22,2,,3921,2015/2/24
2015/2/25,32,15,,5016,2015/2/25
2015/2/26,35,24,Snow,3531,2015/2/26
2015/2/27,32,15,Snow,4699,2015/2/27
2015/2/28,27,4,,3294,2015/2/28
2015/3/1,29,23,Rain-Snow,802,2015/3/1
2015/3/2,40,26,Fog,4118,2015/3/2
2015/3/3,36,21,Rain,3884,2015/3/3
2015/3/4,45,41,Fog-Rain,4187,2015/3/4
2015/3/5,34,27,Fog-Rain-Snow,560,2015/3/5
2015/3/6,23,6,,1987,2015/3/6
2015/3/7,34,18,,3271,2015/3/7
2015/3/8,46,27,,5529,2015/3/8
2015/3/9,50,30,,8175,2015/3/9
2015/3/10,45,41,Fog-Rain,4015,2015/3/10
2015/3/11,57,44,Fog-Rain,7909,2015/3/11
2015/3/12,52,24,,9215,2015/3/12
2015/3/13,46,23,Rain,8084,2015/3/13
2015/3/14,53,47,Rain,3669,2015/3/14
2015/3/15,51,34,,6668,2015/3/15
2015/3/16,54,35,,9022,2015/3/16
2015/3/17,57,35,,9246,2015/3/17
2015/3/18,45,11,,7527,2015/3/18
2015/3/19,46,21,,8202,2015/3/19
2015/3/20,41,32,Rain-Snow,2956,2015/3/20
2015/3/21,48,36,,9436,2015/3/21
2015/3/22,51,25,,8233,2015/3/22
2015/3/23,44,15,,8134,2015/3/23
2015/3/24,42,19,,7875,2015/3/24
2015/3/25,45,30,Rain,7553,2015/3/25
2015/3/26,63,50,Rain-Thunderstorm,8778,2015/3/26
2015/3/27,47,34,Rain,6141,2015/3/27
2015/3/28,37,13,,4676,2015/3/28
2015/3/29,39,9,,5861,2015/3/29
2015/3/30,54,25,Rain-Snow,9196,2015/3/30
2015/3/31,58,33,Rain-Thunderstorm,8198,2015/3/31
2015/4/1,58,28,,9874,2015/4/1
2015/4/2,58,35,,11273,2015/4/2
2015/4/3,67,54,Rain,6425,2015/4/3
2015/4/4,57,33,Rain,10433,2015/4/4
2015/4/5,55,23,,10181,2015/4/5
2015/4/6,63,39,,12638,2015/4/6
2015/4/7,63,56,Rain,11109,2015/4/7
2015/4/8,49,44,Rain,7437,2015/4/8
2015/4/9,48,42,Rain,7826,2015/4/9
2015/4/10,57,48,Rain,9393,2015/4/10
2015/4/11,60,33,,16726,2015/4/11
2015/4/12,57,33,,15724,2015/4/12
2015/4/13,66,46,,12676,2015/4/13
2015/4/14,61,55,Rain,3824,2015/4/14
2015/4/15,60,38,,11119,2015/4/15
2015/4/16,63,42,Rain,11687,2015/4/16
2015/4/17,69,58,Rain,12546,2015/4/17
2015/4/18,73,52,,16004,2015/4/18
2015/4/19,62,46,Rain,10250,2015/4/19
2015/4/20,70,60,Rain-Thunderstorm,9066,2015/4/20
2015/4/21,63,39,Rain-Thunderstorm,11630,2015/4/21
2015/4/22,63,40,Rain,10540,2015/4/22
2015/4/23,53,26,,10106,2015/4/23
2015/4/24,52,21,,10370,2015/4/24
2015/4/25,49,33,Rain,7177,2015/4/25
2015/4/26,56,37,,10327,2015/4/26
2015/4/27,55,35,Rain,8864,2015/4/27
2015/4/28,60,39,,10995,2015/4/28
2015/4/29,65,43,,11652,2015/4/29
2015/4/30,65,49,Rain-Hail-Thunderstorm,10255,2015/4/30
2015/5/1,59,47,Rain-Thunderstorm,10351,2015/5/1
2015/5/2,65,45,,12570,2015/5/2
2015/5/3,70,47,,12098,2015/5/3
2015/5/4,70,53,,11987,2015/5/4
2015/5/5,75,60,Rain-Thunderstorm,11093,2015/5/5
2015/5/6,74,62,Rain,11483,2015/5/6
2015/5/7,72,58,,12316,2015/5/7
2015/5/8,74,60,,13427,2015/5/8
2015/5/9,74,63,Rain,12841,2015/5/9
2015/5/10,77,67,,11089,2015/5/10
2015/5/11,77,68,,12133,2015/5/11
2015/5/12,81,60,,12056,2015/5/12
2015/5/13,64,42,,11774,2015/5/13
2015/5/14,63,40,,12615,2015/5/14
2015/5/15,68,51,,13641,2015/5/15
2015/5/16,78,64,Rain-Thunderstorm,11196,2015/5/16
2015/5/17,79,68,Rain,10933,2015/5/17
2015/5/18,82,69,Rain-Thunderstorm,10442,2015/5/18
2015/5/19,81,65,,12063,2015/5/19
2015/5/20,69,46,,12981,2015/5/20
2015/5/21,58,47,Rain,6981,2015/5/21
2015/5/22,66,44,,12522,2015/5/22
2015/5/23,65,36,,12706,2015/5/23
2015/5/24,70,55,,13564,2015/5/24
2015/5/25,76,60,,11990,2015/5/25
2015/5/26,79,65,,11351,2015/5/26
2015/5/27,83,68,,11470,2015/5/27
2015/5/28,83,67,Rain-Thunderstorm,11625,2015/5/28
2015/5/29,81,68,Thunderstorm,12058,2015/5/29
2015/5/30,81,67,,12657,2015/5/30
2015/5/31,83,68,,10917,2015/5/31
2015/6/1,82,68,Rain-Hail-Thunderstorm,8101,2015/6/1
2015/6/2,66,62,Rain-Thunderstorm,8054,2015/6/2
2015/6/3,62,55,Rain,9879,2015/6/3
2015/6/4,62,57,Rain,6356,2015/6/4
2015/6/5,68,59,Rain,11075,2015/6/5
2015/6/6,75,63,,12665,2015/6/6
2015/6/7,73,60,,11661,2015/6/7
2015/6/8,77,65,Rain-Thunderstorm,9959,2015/6/8
2015/6/9,81,62,,11764,2015/6/9
2015/6/10,76,61,,11586,2015/6/10
2015/6/11,82,69,,11844,2015/6/11
2015/6/12,86,72,Rain-Thunderstorm,10867,2015/6/12
2015/6/13,84,70,,11754,2015/6/13
2015/6/14,86,72,Rain-Thunderstorm,9490,2015/6/14
2015/6/15,86,73,Rain,9975,2015/6/15
2015/6/16,87,71,,11492,2015/6/16
2015/6/17,79,66,Rain,11173,2015/6/17
2015/6/18,82,70,Rain-Thunderstorm,9990,2015/6/18
2015/6/19,81,69,Rain,12019,2015/6/19
2015/6/20,84,72,Fog-Rain-Thunderstorm,9305,2015/6/20
2015/6/21,85,71,Rain,8775,2015/6/21
2015/6/22,86,67,,11258,2015/6/22
2015/6/23,86,72,Rain-Thunderstorm,9184,2015/6/23
2015/6/24,78,61,,12581,2015/6/24
2015/6/25,79,64,Rain-Thunderstorm,11119,2015/6/25
2015/6/26,76,65,,13027,2015/6/26
2015/6/27,74,68,Rain,3301,2015/6/27
2015/6/28,75,61,Rain,11601,2015/6/28
2015/6/29,74,57,,12191,2015/6/29
2015/6/30,80,69,Rain,11970,2015/6/30
2015/7/1,79,67,Rain-Thunderstorm,11223,2015/7/1
2015/7/2,73,66,Rain,11257,2015/7/2
2015/7/3,75,65,Fog-Rain,12791,2015/7/3
2015/7/4,79,70,Rain-Thunderstorm,10288,2015/7/4
2015/7/5,79,69,,12199,2015/7/5
2015/7/6,83,72,Rain,10902,2015/7/6
2015/7/7,83,71,,12223,2015/7/7
2015/7/8,85,73,Rain-Thunderstorm,9495,2015/7/8
2015/7/9,85,73,Rain,11045,2015/7/9
2015/7/10,83,65,Rain,13013,2015/7/10
2015/7/11,82,67,Rain,12420,2015/7/11
2015/7/12,79,64,,11711,2015/7/12
2015/7/13,78,69,Rain,10224,2015/7/13
2015/7/14,83,72,,11591,2015/7/14
2015/7/15,80,67,Rain,12088,2015/7/15
2015/7/16,77,57,,13257,2015/7/16
2015/7/17,78,67,,12627,2015/7/17
2015/7/18,83,73,Rain,11096,2015/7/18
2015/7/19,89,75,,10148,2015/7/19
2015/7/20,90,73,,10856,2015/7/20
2015/7/21,86,71,Rain,11811,2015/7/21
2015/7/22,81,58,,12934,2015/7/22
2015/7/23,80,57,,12992,2015/7/23
2015/7/24,80,57,,13339,2015/7/24
2015/7/25,81,64,,12902,2015/7/25
2015/7/26,83,66,,11314,2015/7/26
2015/7/27,82,71,Rain-Thunderstorm,10919,2015/7/27
2015/7/28,86,73,Thunderstorm,11976,2015/7/28
2015/7/29,85,74,,12170,2015/7/29
2015/7/30,85,74,Rain-Thunderstorm,10808,2015/7/30
2015/7/31,83,61,,12396,2015/7/31
2015/8/1,83,63,,12043,2015/8/1
2015/8/2,82,60,,11447,2015/8/2
2015/8/3,83,66,,12085,2015/8/3
2015/8/4,86,66,Rain,11626,2015/8/4
2015/8/5,84,63,,12501,2015/8/5
2015/8/6,80,61,Rain,12617,2015/8/6
2015/8/7,77,64,Rain,12181,2015/8/7
2015/8/8,81,61,,12970,2015/8/8
2015/8/9,81,64,,11651,2015/8/9
2015/8/10,76,68,Rain,10494,2015/8/10
2015/8/11,82,70,Rain,11342,2015/8/11
2015/8/12,78,59,,12485,2015/8/12
2015/8/13,77,54,,12435,2015/8/13
2015/8/14,76,59,,12549,2015/8/14
2015/8/15,79,63,,12082,2015/8/15
2015/8/16,82,65,,10192,2015/8/16
2015/8/17,84,69,,10971,2015/8/17
2015/8/18,82,71,,11595,2015/8/18
2015/8/19,84,71,,11966,2015/8/19
2015/8/20,80,73,Rain-Thunderstorm,10192,2015/8/20
2015/8/21,79,61,,12902,2015/8/21
2015/8/22,76,56,,12339,2015/8/22
2015/8/23,75,58,,10981,2015/8/23
2015/8/24,81,68,Rain-Thunderstorm,10283,2015/8/24
2015/8/25,77,59,,12672,2015/8/25
2015/8/26,75,54,,12330,2015/8/26
2015/8/27,73,56,,12406,2015/8/27
2015/8/28,74,59,,12210,2015/8/28
2015/8/29,78,63,,11526,2015/8/29
2015/8/30,78,66,,10188,2015/8/30
2015/8/31,81,67,,11052,2015/8/31
2015/9/1,83,69,,11522,2015/9/1
2015/9/2,85,69,,11378,2015/9/2
2015/9/3,85,69,Rain-Thunderstorm,11131,2015/9/3
2015/9/4,84,69,,11050,2015/9/4
2015/9/5,80,67,,10867,2015/9/5
2015/9/6,78,58,,12400,2015/9/6
2015/9/7,80,66,,10351,2015/9/7
2015/9/8,82,70,,10965,2015/9/8
2015/9/9,85,72,Rain,11065,2015/9/9
2015/9/10,77,70,Rain,10356,2015/9/10
2015/9/11,76,59,,12167,2015/9/11
2015/9/12,71,67,Rain,6665,2015/9/12
2015/9/13,67,50,Rain,10397,2015/9/13
2015/9/14,68,46,,11156,2015/9/14
2015/9/15,72,53,,11943,2015/9/15
2015/9/16,73,57,,11938,2015/9/16
2015/9/17,75,59,,11949,2015/9/17
2015/9/18,76,60,,11956,2015/9/18
2015/9/19,77,66,,11580,2015/9/19
2015/9/20,75,57,,10998,2015/9/20
2015/9/21,67,55,Rain,7816,2015/9/21
2015/9/22,69,58,,11952,2015/9/22
2015/9/23,70,53,,12773,2015/9/23
2015/9/24,70,53,,12514,2015/9/24
2015/9/25,68,58,Rain,11403,2015/9/25
2015/9/26,69,55,Rain,11038,2015/9/26
2015/9/27,69,59,Rain,9979,2015/9/27
2015/9/28,75,66,,11305,2015/9/28
2015/9/29,76,72,Rain,7240,2015/9/29
2015/9/30,71,68,Rain,10184,2015/9/30
2015/10/1,60,56,Rain,4799,2015/10/1
2015/10/2,54,51,Rain,2079,2015/10/2
2015/10/3,54,54,Rain,4050,2015/10/3
2015/10/4,57,52,,6624,2015/10/4
2015/10/5,61,49,,10445,2015/10/5
2015/10/6,64,51,,11551,2015/10/6
2015/10/7,68,57,,11734,2015/10/7
2015/10/8,68,57,,11711,2015/10/8
2015/10/9,71,63,Rain-Thunderstorm,10501,2015/10/9
2015/10/10,59,46,,10269,2015/10/10
2015/10/11,59,48,,10491,2015/10/11
2015/10/12,63,52,,10495,2015/10/12
2015/10/13,69,57,,10803,2015/10/13
2015/10/14,63,47,,11406,2015/10/14
2015/10/15,61,44,,11506,2015/10/15
2015/10/16,59,40,,11263,2015/10/16
2015/10/17,52,33,,8782,2015/10/17
2015/10/18,46,28,,6978,2015/10/18
2015/10/19,47,33,,9074,2015/10/19
2015/10/20,56,42,,10036,2015/10/20
2015/10/21,61,48,,10678,2015/10/21
2015/10/22,63,51,,11287,2015/10/22
2015/10/23,61,46,,11470,2015/10/23
2015/10/24,55,45,,9730,2015/10/24
2015/10/25,63,50,Rain,8587,2015/10/25
2015/10/26,54,37,,9973,2015/10/26
2015/10/27,52,46,Rain,9797,2015/10/27
2015/10/28,63,64,Rain,5179,2015/10/28
2015/10/29,65,55,Rain,10632,2015/10/29
2015/10/30,54,37,,9700,2015/10/30
2015/10/31,52,40,,8721,2015/10/31
2015/11/1,59,53,Rain,7211,2015/11/1
2015/11/2,59,52,,9446,2015/11/2
2015/11/3,59,48,,10508,2015/11/3
2015/11/4,62,49,Rain,10822,2015/11/4
2015/11/5,65,60,Fog-Rain,10553,2015/11/5
2015/11/6,70,63,Fog-Rain,11609,2015/11/6
2015/11/7,63,51,Rain,5610,2015/11/7
2015/11/8,51,33,,8995,2015/11/8
2015/11/9,47,42,Rain,6715,2015/11/9
2015/11/10,56,55,Rain,5773,2015/11/10
2015/11/11,58,45,,8901,2015/11/11
2015/11/12,58,48,Rain,8476,2015/11/12
2015/11/13,56,28,,9262,2015/11/13
2015/11/14,48,25,,7171,2015/11/14
2015/11/15,50,32,,7441,2015/11/15
2015/11/16,56,37,,9156,2015/11/16
2015/11/17,54,43,,9226,2015/11/17
2015/11/18,56,49,,9768,2015/11/18
2015/11/19,62,61,Fog-Rain,6255,2015/11/19
2015/11/20,51,25,,9097,2015/11/20
2015/11/21,47,34,,7299,2015/11/21
2015/11/22,43,28,,4948,2015/11/22
2015/11/23,37,18,,6601,2015/11/23
2015/11/24,45,27,,7500,2015/11/24
2015/11/25,48,35,,6864,2015/11/25
2015/11/26,52,42,,3394,2015/11/26
2015/11/27,54,46,,6240,2015/11/27
2015/11/28,57,50,Rain,6418,2015/11/28
2015/11/29,52,46,Rain,2877,2015/11/29
2015/11/30,42,38,Rain,4160,2015/11/30
2015/12/1,46,45,Fog-Rain,3954,2015/12/1
2015/12/2,54,53,Fog-Rain,5740,2015/12/2
2015/12/3,48,30,,7969,2015/12/3
2015/12/4,45,31,,7940,2015/12/4
2015/12/5,44,34,,7087,2015/12/5
2015/12/6,43,35,Fog,5979,2015/12/6
2015/12/7,48,34,,7928,2015/12/7
2015/12/8,47,35,,8458,2015/12/8
2015/12/9,44,42,Fog,7982,2015/12/9
2015/12/10,52,43,Rain,8685,2015/12/10
2015/12/11,54,47,,8722,2015/12/11
2015/12/12,57,50,,8720,2015/12/12
2015/12/13,60,53,Fog,8034,2015/12/13
2015/12/14,61,59,Rain,6645,2015/12/14
2015/12/15,57,44,,8804,2015/12/15
2015/12/16,49,40,,8624,2015/12/16
2015/12/17,51,49,Fog-Rain,4553,2015/12/17
2015/12/18,44,31,,6698,2015/12/18
2015/12/19,38,16,,4279,2015/12/19
2015/12/20,39,21,,4219,2015/12/20
2015/12/21,48,37,,6675,2015/12/21
2015/12/22,57,53,Rain,4934,2015/12/22
2015/12/23,60,60,Fog-Rain,2263,2015/12/23
2015/12/24,66,63,Fog-Rain,2796,2015/12/24
2015/12/25,63,63,Fog-Rain,1502,2015/12/25
2015/12/26,56,53,Fog-Rain,2702,2015/12/26
2015/12/27,61,57,Rain,4623,2015/12/27
2015/12/28,51,37,Rain,4459,2015/12/28
2015/12/29,49,46,Fog-Rain,5253,2015/12/29
2015/12/30,52,50,Fog-Rain,5275,2015/12/30
2015/12/31,51,44,,5855,2015/12/31
2016/1/1,42,28,,3220,2016/1/1
2016/1/2,40,25,,4922,2016/1/2
2016/1/3,43,27,,4964,2016/1/3
2016/1/4,30,14,,5133,2016/1/4
2016/1/5,25,4,,4850,2016/1/5
2016/1/6,30,15,,5712,2016/1/6
2016/1/7,39,33,,6592,2016/1/7
2016/1/8,43,39,Rain,6153,2016/1/8
2016/1/9,46,43,Rain,5314,2016/1/9
2016/1/10,50,44,Rain,5663,2016/1/10
2016/1/11,35,10,,6294,2016/1/11
2016/1/12,38,19,Rain-Snow,6490,2016/1/12
2016/1/13,27,4,,5620,2016/1/13
2016/1/14,41,21,,7164,2016/1/14
2016/1/15,42,35,Rain,5983,2016/1/15
2016/1/16,46,39,Fog-Rain,5908,2016/1/16
2016/1/17,35,29,Fog-Snow,3400,2016/1/17
2016/1/18,25,2,Snow,2499,2016/1/18
2016/1/19,22,0,,3912,2016/1/19
2016/1/20,25,14,Snow,4321,2016/1/20
2016/1/21,29,15,Snow,4228,2016/1/21
2016/1/22,26,17,Fog-Snow,2985,2016/1/22
2016/1/27,40,25,Rain,528,2016/1/27
2016/1/28,33,24,,2022,2016/1/28
2016/1/29,36,22,Snow,2942,2016/1/29
2016/1/30,33,21,,2822,2016/1/30
2016/1/31,47,31,,3611,2016/1/31
2016/2/1,52,42,Rain,4604,2016/2/1
2016/2/2,45,32,,6584,2016/2/2
2016/2/3,49,47,Fog-Rain,4243,2016/2/3
2016/2/4,50,44,Fog-Rain,6691,2016/2/4
2016/2/5,39,25,Rain-Snow,5822,2016/2/5
2016/2/6,36,23,,5042,2016/2/6
2016/2/7,38,24,,4664,2016/2/7
2016/2/8,40,28,Rain,5994,2016/2/8
2016/2/9,36,32,Rain-Snow,4053,2016/2/9
2016/2/10,33,15,Snow,5493,2016/2/10
2016/2/11,26,2,,4246,2016/2/11
2016/2/12,25,8,Snow,4363,2016/2/12
2016/2/13,22,4,Snow,1535,2016/2/13
2016/2/14,20,1,Snow,1851,2016/2/14
2016/2/15,26,23,Fog-Rain-Snow,501,2016/2/15
2016/2/16,42,37,Fog-Rain,3238,2016/2/16
2016/2/17,40,29,,6097,2016/2/17
2016/2/18,35,15,,5822,2016/2/18
2016/2/19,34,17,,5633,2016/2/19
2016/2/20,53,34,,8245,2016/2/20
2016/2/21,51,47,Rain,4254,2016/2/21
2016/2/22,47,35,,7148,2016/2/22
2016/2/23,43,40,Rain,2585,2016/2/23
2016/2/24,54,50,Fog-Rain-Hail-Thunderstorm,3279,2016/2/24
2016/2/25,50,29,Rain,6330,2016/2/25
2016/2/26,36,17,,5345,2016/2/26
2016/2/27,37,19,,5432,2016/2/27
2016/2/28,49,31,,8732,2016/2/28
2016/2/29,55,33,,7828,2016/2/29
2016/3/1,53,37,Rain,8588,2016/3/1
2016/3/2,46,24,Rain,5918,2016/3/2
2016/3/3,35,21,Snow,5902,2016/3/3
2016/3/4,37,30,Snow,5345,2016/3/4
2016/3/5,40,24,,5334,2016/3/5
2016/3/6,45,31,Rain,5899,2016/3/6
2016/3/7,51,36,,9003,2016/3/7
2016/3/8,63,40,,10558,2016/3/8
2016/3/9,63,44,,11214,2016/3/9
2016/3/10,68,53,,10954,2016/3/10
2016/3/11,65,48,Rain,11220,2016/3/11
2016/3/12,55,42,,10427,2016/3/12
2016/3/13,55,47,Rain,5194,2016/3/13
2016/3/14,50,47,Rain,7671,2016/3/14
2016/3/15,56,46,Rain,8558,2016/3/15
2016/3/16,62,53,Rain,13356,2016/3/16
2016/3/17,59,39,Rain,10673,2016/3/17
2016/3/18,58,26,,11429,2016/3/18
2016/3/19,48,33,Rain-Snow,3227,2016/3/19
2016/3/20,41,31,Rain-Snow,4532,2016/3/20
2016/3/21,45,24,,7580,2016/3/21
2016/3/22,49,29,,9763,2016/3/22
2016/3/23,64,36,,12340,2016/3/23
2016/3/24,64,44,,13363,2016/3/24
2016/3/25,61,50,Rain,12212,2016/3/25
2016/3/26,52,34,,14116,2016/3/26
2016/3/27,53,46,Rain,8564,2016/3/27
2016/3/28,60,44,Rain,8430,2016/3/28
2016/3/29,53,28,,10221,2016/3/29
2016/3/30,52,30,,10873,2016/3/30
2016/3/31,64,50,,11029,2016/3/31
2016/4/1,74,60,Rain,10875,2016/4/1
2016/4/2,56,42,Rain,9281,2016/4/2
2016/4/3,46,21,Snow,6800,2016/4/3
2016/4/4,57,39,Rain,7398,2016/4/4
2016/4/5,38,17,Snow,7512,2016/4/5
2016/4/6,45,27,,9068,2016/4/6
2016/4/7,57,47,Rain,5433,2016/4/7
2016/4/8,49,26,,9529,2016/4/8
2016/4/9,42,30,Rain-Snow,4069,2016/4/9
2016/4/10,42,20,,7421,2016/4/10
2016/4/11,60,40,Rain,9456,2016/4/11
2016/4/12,58,41,Rain,8583,2016/4/12
2016/4/13,51,27,,10131,2016/4/13
2016/4/14,52,34,,10523,2016/4/14
2016/4/15,53,35,,11395,2016/4/15
2016/4/16,59,36,,13505,2016/4/16
2016/4/17,61,37,,12367,2016/4/17
2016/4/18,68,44,,11882,2016/4/18
2016/4/19,70,44,,11927,2016/4/19
2016/4/20,61,27,,11650,2016/4/20
2016/4/21,63,45,,11447,2016/4/21
2016/4/22,70,59,Rain,11093,2016/4/22
2016/4/23,63,55,Rain,8487,2016/4/23
2016/4/24,57,29,,11948,2016/4/24
2016/4/25,65,50,,11694,2016/4/25
2016/4/26,76,55,,11718,2016/4/26
2016/4/27,62,52,Rain,8360,2016/4/27
2016/4/28,52,50,Rain,5195,2016/4/28
2016/4/29,52,48,Rain,8258,2016/4/29
2016/4/30,55,48,Rain,8511,2016/4/30
2016/5/1,56,52,Rain,4376,2016/5/1
2016/5/2,66,59,Fog-Rain-Hail-Thunderstorm,8139,2016/5/2
2016/5/3,66,59,Rain-Thunderstorm,8132,2016/5/3
2016/5/4,57,53,Rain,9625,2016/5/4
2016/5/5,55,49,Rain,8726,2016/5/5
2016/5/6,53,49,Rain,3102,2016/5/6
2016/5/7,59,49,Rain,9225,2016/5/7
2016/5/8,63,43,Rain,10803,2016/5/8
2016/5/9,57,49,Rain,9164,2016/5/9
2016/5/10,61,51,Rain,10242,2016/5/10
2016/5/11,58,54,Rain,7669,2016/5/11
2016/5/12,62,57,,10805,2016/5/12
2016/5/13,69,59,Rain,10106,2016/5/13
2016/5/14,64,50,Rain,9389,2016/5/14
2016/5/15,55,31,,8507,2016/5/15
2016/5/16,56,33,,11357,2016/5/16
2016/5/17,57,50,Rain,5374,2016/5/17
2016/5/18,60,50,Rain,10583,2016/5/18
2016/5/19,63,49,,11720,2016/5/19
2016/5/20,65,48,,13860,2016/5/20
2016/5/21,59,53,Rain,4432,2016/5/21
2016/5/22,56,54,Rain,2851,2016/5/22
2016/5/23,66,56,Rain-Thunderstorm,8048,2016/5/23
2016/5/24,70,53,Rain,13235,2016/5/24
2016/5/25,73,56,,12786,2016/5/25
2016/5/26,76,63,,12188,2016/5/26
2016/5/27,79,67,,12139,2016/5/27
2016/5/28,79,66,,11560,2016/5/28
2016/5/29,75,67,Rain,9069,2016/5/29
2016/5/30,74,68,,9930,2016/5/30
2016/5/31,79,67,,11578,2016/5/31
2016/6/1,78,67,,12355,2016/6/1
2016/6/2,75,66,,12366,2016/6/2
2016/6/3,77,70,Rain,8517,2016/6/3
2016/6/4,76,70,,11991,2016/6/4
2016/6/5,78,70,Rain,9378,2016/6/5
2016/6/6,78,63,,12468,2016/6/6
2016/6/7,76,60,Rain,13271,2016/6/7
2016/6/8,68,44,,13586,2016/6/8
2016/6/9,68,45,,13423,2016/6/9
2016/6/10,73,47,,13730,2016/6/10
2016/6/11,81,64,,11993,2016/6/11
2016/6/12,82,55,,11023,2016/6/12
2016/6/13,73,50,,13161,2016/6/13
2016/6/14,74,50,,13949,2016/6/14
2016/6/15,75,63,Rain,12954,2016/6/15
2016/6/16,79,68,Rain-Thunderstorm,11056,2016/6/16
2016/6/17,74,61,,13290,2016/6/17
2016/6/18,76,55,,13550,2016/6/18
2016/6/19,78,54,,11830,2016/6/19
2016/6/20,80,59,,12912,2016/6/20
2016/6/21,82,68,Fog-Rain-Thunderstorm,9513,2016/6/21
2016/6/22,78,61,,13902,2016/6/22
2016/6/23,76,69,Rain-Thunderstorm,9435,2016/6/23
2016/6/24,79,69,,12405,2016/6/24
2016/6/25,79,62,,13600,2016/6/25
2016/6/26,76,58,,12356,2016/6/26
2016/6/27,78,68,Rain,11922,2016/6/27
2016/6/28,78,71,Rain-Thunderstorm,11064,2016/6/28
2016/6/29,75,61,,13778,2016/6/29
2016/6/30,75,58,,13318,2016/6/30
